{
  "season": "2011-2012",
  "weighted_average": {
    "total_eval_samples": 11422,
    "total_train_samples": 23742,
    "total_val_samples": 11422,
    "val_rmse": 0.9217057587209745,
    "val_mae": 0.5495936656859781,
    "val_mape": 53.938371368612216,
    "val_mdape": 39.28635302061402,
    "eval_rmse_M": 0.9216379636868552,
    "eval_mae_M": 0.5493411955685669,
    "eval_r2": 0.28858134244138,
    "eval_mape": 53.922158652617185,
    "eval_mdape": 39.28635396190918,
    "eval_within_10pct": 14.003153659548769,
    "eval_within_25pct": 33.548965095883496,
    "eval_within_50pct": 61.68606109722892
  },
  "segments": {
    "under_1M": {
      "train_rmse": 0.3773757263750008,
      "val_rmse": 0.5240299701685248,
      "train_mae": 0.2204486966669977,
      "val_mae": 0.2660279448574259,
      "train_mape": 39.91904081732986,
      "val_mape": 55.05381084361343,
      "train_mdape": 29.688893831693214,
      "val_mdape": 41.41232797077725,
      "num_train_samples": 17363,
      "num_val_samples": 8860,
      "num_features": 66,
      "train_seasons": [
        "2002-2003",
        "2003-2004",
        "2004-2005",
        "2005-2006",
        "2006-2007",
        "2007-2008",
        "2008-2009",
        "2009-2010",
        "2010-2011"
      ],
      "val_seasons": [
        "2011-2012"
      ],
      "eval_season": "2011-2012",
      "eval_samples": 8860,
      "eval_rmse_M": 0.5239425711475613,
      "eval_mae_M": 0.2657024697940274,
      "eval_r2": 0.203732897689346,
      "eval_mape": 55.032909915637084,
      "eval_mdape": 41.41232872009277,
      "eval_within_10pct": 13.098931402964494,
      "eval_within_25pct": 31.351258186832126,
      "eval_within_50pct": 59.065839365735954,
      "segment": "under_1M",
      "status": "trained",
      "season": "2011-2012",
      "segment_range": "\u20ac0M \u2013 \u20ac1M",
      "total_segment_samples": 26223
    },
    "1M_10M": {
      "train_rmse": 0.886919275551752,
      "val_rmse": 1.8634635214448243,
      "train_mae": 0.5928879587776035,
      "val_mae": 1.1849370997971254,
      "train_mape": 25.11926432686012,
      "val_mape": 51.681029802103396,
      "train_mdape": 14.642890294392904,
      "val_mdape": 32.8893801178595,
      "num_train_samples": 5810,
      "num_val_samples": 2327,
      "num_features": 66,
      "train_seasons": [
        "2005-2006",
        "2006-2007",
        "2007-2008",
        "2008-2009",
        "2009-2010",
        "2010-2011"
      ],
      "val_seasons": [
        "2011-2012"
      ],
      "eval_season": "2011-2012",
      "eval_samples": 2327,
      "eval_rmse_M": 1.8634635253796261,
      "eval_mae_M": 1.184937101910311,
      "eval_r2": 0.5716630528116204,
      "eval_mape": 51.6810302734375,
      "eval_mdape": 32.889381408691406,
      "eval_within_10pct": 15.894924309884239,
      "eval_within_25pct": 39.80409617097062,
      "eval_within_50pct": 69.81300089047195,
      "segment": "1M_10M",
      "status": "trained",
      "season": "2011-2012",
      "segment_range": "\u20ac1M \u2013 \u20ac10M",
      "total_segment_samples": 8137
    },
    "10M_100M": {
      "train_rmse": 0.8268203595175716,
      "val_rmse": 6.589523514960575,
      "train_mae": 0.3314677679266368,
      "val_mae": 4.949372880002286,
      "train_mape": 1.688780699061962,
      "val_mape": 34.236414248422136,
      "train_mdape": 0.8803708212716239,
      "val_mdape": 22.47621636641653,
      "num_train_samples": 569,
      "num_val_samples": 235,
      "num_features": 66,
      "train_seasons": [
        "2005-2006",
        "2006-2007",
        "2007-2008",
        "2008-2009",
        "2009-2010",
        "2010-2011"
      ],
      "val_seasons": [
        "2011-2012"
      ],
      "eval_season": "2011-2012",
      "eval_samples": 235,
      "eval_rmse_M": 6.5895234778956535,
      "eval_mae_M": 4.9493728394204,
      "eval_r2": 0.6844370040221122,
      "eval_mape": 34.236412048339844,
      "eval_mdape": 22.476221084594727,
      "eval_within_10pct": 29.361702127659573,
      "eval_within_25pct": 54.46808510638298,
      "eval_within_50pct": 80.0,
      "segment": "10M_100M",
      "status": "trained",
      "season": "2011-2012",
      "segment_range": "\u20ac10M \u2013 \u20ac100M",
      "total_segment_samples": 804
    },
    "over_100M": {
      "segment": "over_100M",
      "status": "skipped",
      "reason": "insufficient samples (1)",
      "samples": 1
    }
  }
}