{
  "season": "2010-2011",
  "weighted_average": {
    "total_eval_samples": 9151,
    "total_train_samples": 14591,
    "total_val_samples": 9151,
    "val_rmse": 0.9458735662886198,
    "val_mae": 0.6062246407905321,
    "val_mape": 66.25016136211119,
    "val_mdape": 42.285618050336176,
    "eval_rmse_M": 0.9458504490147717,
    "eval_mae_M": 0.6060875217529629,
    "eval_r2": 0.21135749245099886,
    "eval_mape": 66.23350569694507,
    "eval_mdape": 42.28561794258912,
    "eval_within_10pct": 12.95129617003455,
    "eval_within_25pct": 31.61083241965637,
    "eval_within_50pct": 57.07566248030621
  },
  "segments": {
    "under_1M": {
      "train_rmse": 0.3676924174553762,
      "val_rmse": 0.5042945336582146,
      "train_mae": 0.222535461140291,
      "val_mae": 0.3012546736296053,
      "train_mape": 37.96158986519366,
      "val_mape": 68.43990827556199,
      "train_mdape": 27.054909142580907,
      "val_mdape": 45.20713686943054,
      "num_train_samples": 10377,
      "num_val_samples": 6986,
      "num_features": 66,
      "train_seasons": [
        "2002-2003",
        "2003-2004",
        "2004-2005",
        "2005-2006",
        "2006-2007",
        "2007-2008",
        "2008-2009",
        "2009-2010"
      ],
      "val_seasons": [
        "2010-2011"
      ],
      "eval_season": "2010-2011",
      "eval_samples": 6986,
      "eval_rmse_M": 0.5042642528756651,
      "eval_mae_M": 0.3010750602521921,
      "eval_r2": 0.10093992013409592,
      "eval_mape": 68.41809064476334,
      "eval_mdape": 45.20713806152344,
      "eval_within_10pct": 11.831048208757187,
      "eval_within_25pct": 29.03582485625829,
      "eval_within_50pct": 54.51127819548872,
      "segment": "under_1M",
      "status": "trained",
      "season": "2010-2011",
      "segment_range": "\u20ac0M \u2013 \u20ac1M",
      "total_segment_samples": 17363
    },
    "1M_10M": {
      "train_rmse": 0.7950763128132177,
      "val_rmse": 1.9744784840993261,
      "train_mae": 0.5262297725160799,
      "val_mae": 1.2807601235107269,
      "train_mape": 20.91346149926234,
      "val_mape": 62.183093250547664,
      "train_mdape": 12.255883216857914,
      "val_mdape": 34.16304455863105,
      "num_train_samples": 3840,
      "num_val_samples": 1970,
      "num_features": 66,
      "train_seasons": [
        "2005-2006",
        "2006-2007",
        "2007-2008",
        "2008-2009",
        "2009-2010"
      ],
      "val_seasons": [
        "2010-2011"
      ],
      "eval_season": "2010-2011",
      "eval_samples": 1970,
      "eval_rmse_M": 1.9744784847400363,
      "eval_mae_M": 1.2807601258707078,
      "eval_r2": 0.5495085392959516,
      "eval_mape": 62.1830940246582,
      "eval_mdape": 34.16304016113281,
      "eval_within_10pct": 15.82010582010582,
      "eval_within_25pct": 37.83068783068783,
      "eval_within_50pct": 63.54497354497355,
      "segment": "1M_10M",
      "status": "trained",
      "season": "2010-2011",
      "segment_range": "\u20ac1M \u2013 \u20ac10M",
      "total_segment_samples": 5810
    },
    "10M_100M": {
      "train_rmse": 0.7660294394951257,
      "val_rmse": 6.37417835536,
      "train_mae": 0.2836347721477243,
      "val_mae": 4.7174312542646355,
      "train_mape": 1.3797808594256258,
      "val_mape": 28.888890810381735,
      "train_mdape": 0.6312031899729083,
      "val_mdape": 19.679152965545654,
      "num_train_samples": 374,
      "num_val_samples": 195,
      "num_features": 66,
      "train_seasons": [
        "2005-2006",
        "2006-2007",
        "2007-2008",
        "2008-2009",
        "2009-2010"
      ],
      "val_seasons": [
        "2010-2011"
      ],
      "eval_season": "2010-2011",
      "eval_samples": 195,
      "eval_rmse_M": 6.37417832516363,
      "eval_mae_M": 4.717431244483361,
      "eval_r2": 0.7509451740988304,
      "eval_mape": 28.888893127441406,
      "eval_mdape": 19.679149627685547,
      "eval_within_10pct": 24.102564102564102,
      "eval_within_25pct": 61.02564102564103,
      "eval_within_50pct": 83.58974358974359,
      "segment": "10M_100M",
      "status": "trained",
      "season": "2010-2011",
      "segment_range": "\u20ac10M \u2013 \u20ac100M",
      "total_segment_samples": 569
    },
    "over_100M": {
      "segment": "over_100M",
      "status": "skipped",
      "reason": "insufficient samples (0)",
      "samples": 0
    }
  }
}