{
  "train_rmse": 0.7900439341505344,
  "val_rmse": 1.5069038385422417,
  "train_mae": 0.4026481520181416,
  "val_mae": 0.4831001863018703,
  "train_mape": 42.609775030824345,
  "val_mape": 43.84938051629227,
  "train_mdape": 30.5306613445282,
  "val_mdape": 33.325601783063675,
  "num_train_samples": 66106,
  "num_val_samples": 19904,
  "num_features": 71,
  "train_seasons": [
    "2002-2003",
    "2003-2004",
    "2004-2005",
    "2005-2006",
    "2006-2007",
    "2007-2008",
    "2008-2009",
    "2009-2010",
    "2010-2011",
    "2011-2012",
    "2012-2013",
    "2013-2014"
  ],
  "val_seasons": [
    "2014-2015"
  ],
  "eval_season": "2014-2015",
  "eval_samples": 19904,
  "eval_rmse_M": 1.5068788844773098,
  "eval_mae_M": 0.48290609445081106,
  "eval_r2": 0.8331837499475789,
  "eval_mape": 43.82050159340874,
  "eval_mdape": 33.32560348510742,
  "eval_within_10pct": 16.251016535646517,
  "eval_within_25pct": 38.70967741935484,
  "eval_within_50pct": 68.29764163730007,
  "season": "2014-2015",
  "cutoff_date": "2014-07-01T00:00:00",
  "min_valuations": 5,
  "cutoff_months": 12,
  "full_dataset_size": 536494,
  "filtered_dataset_size": 86010
}