{
  "train_rmse": 1.1322517377389665,
  "val_rmse": 1.9768004943285762,
  "train_mae": 0.3578247619641419,
  "val_mae": 0.40705244441172406,
  "train_mape": 42.5493752132001,
  "val_mape": 44.232579746859905,
  "train_mdape": 30.84708154201507,
  "val_mdape": 31.375721522739962,
  "num_train_samples": 477535,
  "num_val_samples": 58959,
  "num_features": 71,
  "train_seasons": [
    "2002-2003",
    "2003-2004",
    "2004-2005",
    "2005-2006",
    "2006-2007",
    "2007-2008",
    "2008-2009",
    "2009-2010",
    "2010-2011",
    "2011-2012",
    "2012-2013",
    "2013-2014",
    "2014-2015",
    "2015-2016",
    "2016-2017",
    "2017-2018",
    "2018-2019",
    "2019-2020",
    "2020-2021",
    "2021-2022",
    "2022-2023",
    "2023-2024"
  ],
  "val_seasons": [
    "2024-2025"
  ],
  "eval_season": "2024-2025",
  "eval_samples": 58959,
  "eval_rmse_M": 1.976788918183925,
  "eval_mae_M": 0.4068749675408401,
  "eval_r2": 0.8238400076451609,
  "eval_mape": 44.22672891144741,
  "eval_mdape": 31.37572479248047,
  "eval_within_10pct": 17.18578543091078,
  "eval_within_25pct": 41.425396021496304,
  "eval_within_50pct": 69.95863931797079,
  "season": "2024-2025",
  "cutoff_date": "2024-07-01T00:00:00",
  "min_valuations": 5,
  "cutoff_months": 12,
  "full_dataset_size": 536494,
  "filtered_dataset_size": 536494
}