{
  "train_rmse": 0.8123005762909586,
  "val_rmse": 1.1082997439027507,
  "train_mae": 0.42722141775507616,
  "val_mae": 0.427847791271836,
  "train_mape": 44.24065126180274,
  "val_mape": 48.34099416278298,
  "train_mdape": 31.741952896118164,
  "val_mdape": 33.74809525229715,
  "num_train_samples": 49178,
  "num_val_samples": 16928,
  "num_features": 64,
  "train_seasons": [
    "2002-2003",
    "2003-2004",
    "2004-2005",
    "2005-2006",
    "2006-2007",
    "2007-2008",
    "2008-2009",
    "2009-2010",
    "2010-2011",
    "2011-2012",
    "2012-2013"
  ],
  "val_seasons": [
    "2013-2014"
  ],
  "eval_season": "2013-2014",
  "eval_samples": 16928,
  "eval_rmse_M": 1.1082584517444303,
  "eval_mae_M": 0.4274578460915427,
  "eval_r2": 0.9065861532493089,
  "eval_mape": 48.304610993437976,
  "eval_mdape": 33.74809455871582,
  "eval_within_10pct": 15.86189431031572,
  "eval_within_25pct": 38.865439810906636,
  "eval_within_50pct": 66.35995272665879,
  "season": "2013-2014",
  "cutoff_date": "2013-07-01T00:00:00",
  "min_valuations": 5,
  "cutoff_months": 12,
  "full_dataset_size": 536494,
  "filtered_dataset_size": 66106
}