{
  "train_rmse": 1.0337306807163564,
  "val_rmse": 2.823861154271196,
  "train_mae": 0.3994194027994136,
  "val_mae": 0.8943586092609023,
  "train_mape": 43.311040564518756,
  "val_mape": 93.87823751681495,
  "train_mdape": 30.732597907384235,
  "val_mdape": 44.285082817077644,
  "num_train_samples": 208716,
  "num_val_samples": 44521,
  "num_features": 64,
  "train_seasons": [
    "2002-2003",
    "2003-2004",
    "2004-2005",
    "2005-2006",
    "2006-2007",
    "2007-2008",
    "2008-2009",
    "2009-2010",
    "2010-2011",
    "2011-2012",
    "2012-2013",
    "2013-2014",
    "2014-2015",
    "2015-2016",
    "2016-2017",
    "2017-2018",
    "2018-2019"
  ],
  "val_seasons": [
    "2019-2020"
  ],
  "eval_season": "2019-2020",
  "eval_samples": 44521,
  "eval_rmse_M": 2.823842679165192,
  "eval_mae_M": 0.8942435386287569,
  "eval_r2": 0.5679840857145806,
  "eval_mape": 93.83509601114064,
  "eval_mdape": 44.28508377075195,
  "eval_within_10pct": 13.39224349533628,
  "eval_within_25pct": 31.71657666503027,
  "eval_within_50pct": 54.06971035837015,
  "season": "2019-2020",
  "cutoff_date": "2019-07-01T00:00:00",
  "min_valuations": 5,
  "cutoff_months": 12,
  "full_dataset_size": 536494,
  "filtered_dataset_size": 253237
}