{
  "train_rmse": 0.7878002101045002,
  "val_rmse": 1.5073047460413969,
  "train_mae": 0.401892469139294,
  "val_mae": 0.47979489937883685,
  "train_mape": 42.91574061447516,
  "val_mape": 43.73811859876343,
  "train_mdape": 30.730271339416504,
  "val_mdape": 33.417829429661786,
  "num_train_samples": 66106,
  "num_val_samples": 19904,
  "num_features": 66,
  "train_seasons": [
    "2002-2003",
    "2003-2004",
    "2004-2005",
    "2005-2006",
    "2006-2007",
    "2007-2008",
    "2008-2009",
    "2009-2010",
    "2010-2011",
    "2011-2012",
    "2012-2013",
    "2013-2014"
  ],
  "val_seasons": [
    "2014-2015"
  ],
  "eval_season": "2014-2015",
  "eval_samples": 19904,
  "eval_rmse_M": 1.5072847360062998,
  "eval_mae_M": 0.4795989677885084,
  "eval_r2": 0.8330938797554851,
  "eval_mape": 43.70501519869379,
  "eval_mdape": 33.41782760620117,
  "eval_within_10pct": 16.08159392789374,
  "eval_within_25pct": 38.845215505557064,
  "eval_within_50pct": 68.51450257522363,
  "season": "2014-2015",
  "cutoff_date": "2014-07-01T00:00:00",
  "min_valuations": 5,
  "cutoff_months": 12,
  "full_dataset_size": 536494,
  "filtered_dataset_size": 86010
}