{
  "train_rmse": 0.8584729081808038,
  "val_rmse": 2.3969475118925554,
  "train_mae": 0.38450800559367593,
  "val_mae": 0.4888345338023087,
  "train_mape": 41.94050127345583,
  "val_mape": 43.45714373059339,
  "train_mdape": 29.957901686429977,
  "val_mdape": 30.136475319503464,
  "num_train_samples": 137469,
  "num_val_samples": 33097,
  "num_features": 71,
  "train_seasons": [
    "2002-2003",
    "2003-2004",
    "2004-2005",
    "2005-2006",
    "2006-2007",
    "2007-2008",
    "2008-2009",
    "2009-2010",
    "2010-2011",
    "2011-2012",
    "2012-2013",
    "2013-2014",
    "2014-2015",
    "2015-2016",
    "2016-2017"
  ],
  "val_seasons": [
    "2017-2018"
  ],
  "eval_season": "2017-2018",
  "eval_samples": 33097,
  "eval_rmse_M": 2.39692335601115,
  "eval_mae_M": 0.4887979772121278,
  "eval_r2": 0.774434671718594,
  "eval_mape": 43.444290857165825,
  "eval_mdape": 30.136474609375,
  "eval_within_10pct": 17.882245927396013,
  "eval_within_25pct": 42.65277433225833,
  "eval_within_50pct": 70.79302075580914,
  "season": "2017-2018",
  "cutoff_date": "2017-07-01T00:00:00",
  "min_valuations": 5,
  "cutoff_months": 12,
  "full_dataset_size": 536494,
  "filtered_dataset_size": 170566
}