{
  "season": "2023-2024",
  "weighted_average": {
    "total_eval_samples": 60262,
    "total_train_samples": 417273,
    "total_val_samples": 60262,
    "val_rmse": 0.917257590727172,
    "val_mae": 0.3852570569600566,
    "val_mape": 47.86710299259629,
    "val_mdape": 31.904609721311445,
    "eval_rmse_M": 0.9172402021635289,
    "eval_mae_M": 0.38496361625990394,
    "eval_r2": 0.2535070333155175,
    "eval_mape": 47.85973105441966,
    "eval_mdape": 31.90461332129932,
    "eval_within_10pct": 17.256869036821243,
    "eval_within_25pct": 40.82608785809569,
    "eval_within_50pct": 68.78615188599721
  },
  "segments": {
    "under_1M": {
      "train_rmse": 0.39909245041722347,
      "val_rmse": 0.5325006321984038,
      "train_mae": 0.1506606543446578,
      "val_mae": 0.142360242675502,
      "train_mape": 39.50224105827995,
      "val_mape": 46.96064133867676,
      "train_mdape": 29.193884134292595,
      "val_mdape": 31.66189193725586,
      "num_train_samples": 351582,
      "num_val_samples": 53029,
      "num_features": 66,
      "train_seasons": [
        "2002-2003",
        "2003-2004",
        "2004-2005",
        "2005-2006",
        "2006-2007",
        "2007-2008",
        "2008-2009",
        "2009-2010",
        "2010-2011",
        "2011-2012",
        "2012-2013",
        "2013-2014",
        "2014-2015",
        "2015-2016",
        "2016-2017",
        "2017-2018",
        "2018-2019",
        "2019-2020",
        "2020-2021",
        "2021-2022",
        "2022-2023"
      ],
      "val_seasons": [
        "2023-2024"
      ],
      "eval_season": "2023-2024",
      "eval_samples": 53029,
      "eval_rmse_M": 0.5324808725202057,
      "eval_mae_M": 0.14202677820489554,
      "eval_r2": 0.23476759623189813,
      "eval_mape": 46.952263430489104,
      "eval_mdape": 31.661895751953125,
      "eval_within_10pct": 17.211958578456667,
      "eval_within_25pct": 40.915815185605666,
      "eval_within_50pct": 69.25035263357071,
      "segment": "under_1M",
      "status": "trained",
      "season": "2023-2024",
      "segment_range": "\u20ac0M \u2013 \u20ac1M",
      "total_segment_samples": 404611
    },
    "1M_10M": {
      "train_rmse": 1.6378189865388157,
      "val_rmse": 2.7099447486534696,
      "train_mae": 0.9525053856635242,
      "val_mae": 1.3637762073996111,
      "train_mape": 43.000986530495666,
      "val_mape": 57.34051499222561,
      "train_mdape": 27.210864067077633,
      "val_mdape": 34.98157262802124,
      "num_train_samples": 57773,
      "num_val_samples": 6184,
      "num_features": 66,
      "train_seasons": [
        "2005-2006",
        "2006-2007",
        "2007-2008",
        "2008-2009",
        "2009-2010",
        "2010-2011",
        "2011-2012",
        "2012-2013",
        "2013-2014",
        "2014-2015",
        "2015-2016",
        "2016-2017",
        "2017-2018",
        "2018-2019",
        "2019-2020",
        "2020-2021",
        "2021-2022",
        "2022-2023"
      ],
      "val_seasons": [
        "2023-2024"
      ],
      "eval_season": "2023-2024",
      "eval_samples": 6184,
      "eval_rmse_M": 2.709944744845805,
      "eval_mae_M": 1.3637762054237133,
      "eval_r2": 0.33613273410380173,
      "eval_mape": 57.340518951416016,
      "eval_mdape": 34.98157501220703,
      "eval_within_10pct": 16.81055546505946,
      "eval_within_25pct": 38.65450399087799,
      "eval_within_50pct": 63.625997719498294,
      "segment": "1M_10M",
      "status": "trained",
      "season": "2023-2024",
      "segment_range": "\u20ac1M \u2013 \u20ac10M",
      "total_segment_samples": 63957
    },
    "10M_100M": {
      "train_rmse": 3.6341753391277893,
      "val_rmse": 9.644994369225717,
      "train_mae": 2.6464097545260477,
      "val_mae": 6.754847941095429,
      "train_mape": 17.5637322244003,
      "val_mape": 38.08049405534833,
      "train_mdape": 11.181121402316624,
      "val_mdape": 26.109438048468697,
      "num_train_samples": 7854,
      "num_val_samples": 1038,
      "num_features": 66,
      "train_seasons": [
        "2005-2006",
        "2006-2007",
        "2007-2008",
        "2008-2009",
        "2009-2010",
        "2010-2011",
        "2011-2012",
        "2012-2013",
        "2013-2014",
        "2014-2015",
        "2015-2016",
        "2016-2017",
        "2017-2018",
        "2018-2019",
        "2019-2020",
        "2020-2021",
        "2021-2022",
        "2022-2023"
      ],
      "val_seasons": [
        "2023-2024"
      ],
      "eval_season": "2023-2024",
      "eval_samples": 1038,
      "eval_rmse_M": 9.644994359494998,
      "eval_mae_M": 6.754847918126394,
      "eval_r2": 0.7158623222018847,
      "eval_mape": 38.08049392700195,
      "eval_mdape": 26.109437942504883,
      "eval_within_10pct": 22.00772200772201,
      "eval_within_25pct": 48.745173745173744,
      "eval_within_50pct": 75.4826254826255,
      "segment": "10M_100M",
      "status": "trained",
      "season": "2023-2024",
      "segment_range": "\u20ac10M \u2013 \u20ac100M",
      "total_segment_samples": 8892
    },
    "over_100M": {
      "train_rmse": 1.6243065880454453,
      "val_rmse": 24.363493329302496,
      "train_mae": 0.6577496528625488,
      "val_mae": 20.18320257013494,
      "train_mape": 0.5637951153506398,
      "val_mape": 15.473949979331477,
      "train_mdape": 0.10430392097024357,
      "val_mdape": 19.04378717595881,
      "num_train_samples": 64,
      "num_val_samples": 11,
      "num_features": 66,
      "train_seasons": [
        "2011-2012",
        "2012-2013",
        "2013-2014",
        "2014-2015",
        "2015-2016",
        "2016-2017",
        "2017-2018",
        "2018-2019",
        "2019-2020",
        "2020-2021",
        "2021-2022",
        "2022-2023"
      ],
      "val_seasons": [
        "2023-2024"
      ],
      "eval_season": "2023-2024",
      "eval_samples": 11,
      "eval_rmse_M": 24.363493329302496,
      "eval_mae_M": 20.18320257013494,
      "eval_r2": 0.512732994083833,
      "eval_mape": 15.473950386047363,
      "eval_mdape": 19.04378890991211,
      "eval_within_10pct": 36.36363636363637,
      "eval_within_25pct": 81.81818181818183,
      "eval_within_50pct": 100.0,
      "segment": "over_100M",
      "status": "trained",
      "season": "2023-2024",
      "segment_range": "\u2265\u20ac100M",
      "total_segment_samples": 75
    }
  }
}