{
  "train_rmse": 0.836957394631273,
  "val_rmse": 1.3606663452394685,
  "train_mae": 0.39315935007085717,
  "val_mae": 0.40253941313282426,
  "train_mape": 42.2808373701434,
  "val_mape": 41.83132971409656,
  "train_mdape": 30.384567238035665,
  "val_mdape": 29.810884680066795,
  "num_train_samples": 109501,
  "num_val_samples": 27968,
  "num_features": 64,
  "train_seasons": [
    "2002-2003",
    "2003-2004",
    "2004-2005",
    "2005-2006",
    "2006-2007",
    "2007-2008",
    "2008-2009",
    "2009-2010",
    "2010-2011",
    "2011-2012",
    "2012-2013",
    "2013-2014",
    "2014-2015",
    "2015-2016"
  ],
  "val_seasons": [
    "2016-2017"
  ],
  "eval_season": "2016-2017",
  "eval_samples": 27968,
  "eval_rmse_M": 1.3606365052775713,
  "eval_mae_M": 0.4023896445203021,
  "eval_r2": 0.8655339062006098,
  "eval_mape": 41.80389257474941,
  "eval_mdape": 29.81088638305664,
  "eval_within_10pct": 18.21274556780067,
  "eval_within_25pct": 43.0857690464782,
  "eval_within_50pct": 72.06516530905606,
  "season": "2016-2017",
  "cutoff_date": "2016-07-01T00:00:00",
  "min_valuations": 5,
  "cutoff_months": 12,
  "full_dataset_size": 536494,
  "filtered_dataset_size": 137469
}