{
  "train_rmse": 0.8404029148929469,
  "val_rmse": 2.387814877310196,
  "train_mae": 0.37936218155548246,
  "val_mae": 0.4873617234208029,
  "train_mape": 42.0342011414543,
  "val_mape": 43.903096575934555,
  "train_mdape": 29.9459715684255,
  "val_mdape": 30.370069401604795,
  "num_train_samples": 137469,
  "num_val_samples": 33097,
  "num_features": 66,
  "train_seasons": [
    "2002-2003",
    "2003-2004",
    "2004-2005",
    "2005-2006",
    "2006-2007",
    "2007-2008",
    "2008-2009",
    "2009-2010",
    "2010-2011",
    "2011-2012",
    "2012-2013",
    "2013-2014",
    "2014-2015",
    "2015-2016",
    "2016-2017"
  ],
  "val_seasons": [
    "2017-2018"
  ],
  "eval_season": "2017-2018",
  "eval_samples": 33097,
  "eval_rmse_M": 2.387807748789261,
  "eval_mae_M": 0.48728616649535317,
  "eval_r2": 0.7761470794904356,
  "eval_mape": 43.89163295205883,
  "eval_mdape": 30.37006950378418,
  "eval_within_10pct": 18.08897709418672,
  "eval_within_25pct": 42.574216488877866,
  "eval_within_50pct": 70.17696187877284,
  "season": "2017-2018",
  "cutoff_date": "2017-07-01T00:00:00",
  "min_valuations": 5,
  "cutoff_months": 12,
  "full_dataset_size": 536494,
  "filtered_dataset_size": 170566
}