{
  "train_rmse": 0.5821538742859148,
  "val_rmse": 1.7819446973192752,
  "train_mae": 0.36270926697304207,
  "val_mae": 0.9569647028464454,
  "train_mape": 32.82171248970378,
  "val_mape": 89.761147452446,
  "train_mdape": 20.637317498524986,
  "val_mdape": 53.9995592993659,
  "num_train_samples": 4375,
  "num_val_samples": 4046,
  "num_features": 64,
  "train_seasons": [
    "2002-2003",
    "2003-2004",
    "2004-2005",
    "2005-2006",
    "2006-2007",
    "2007-2008"
  ],
  "val_seasons": [
    "2008-2009"
  ],
  "eval_season": "2008-2009",
  "eval_samples": 4046,
  "eval_rmse_M": 1.7796590280505882,
  "eval_mae_M": 0.9468817658636345,
  "eval_r2": 0.8089177321058196,
  "eval_mape": 87.5417091107872,
  "eval_mdape": 53.99956130981445,
  "eval_within_10pct": 9.860935524652339,
  "eval_within_25pct": 25.82174462705436,
  "eval_within_50pct": 46.83944374209861,
  "season": "2008-2009",
  "cutoff_date": "2008-07-01T00:00:00",
  "min_valuations": 5,
  "cutoff_months": 12,
  "full_dataset_size": 536494,
  "filtered_dataset_size": 8421
}