{
  "train_rmse": 0.6734281914150466,
  "val_rmse": 1.5172859228077515,
  "train_mae": 0.4215564124555043,
  "val_mae": 0.7416430210232714,
  "train_mape": 39.95082188013225,
  "val_mape": 71.63995648320507,
  "train_mdape": 25.76146125793457,
  "val_mdape": 43.05603239271375,
  "num_train_samples": 8421,
  "num_val_samples": 6170,
  "num_features": 66,
  "train_seasons": [
    "2002-2003",
    "2003-2004",
    "2004-2005",
    "2005-2006",
    "2006-2007",
    "2007-2008",
    "2008-2009"
  ],
  "val_seasons": [
    "2009-2010"
  ],
  "eval_season": "2009-2010",
  "eval_samples": 6170,
  "eval_rmse_M": 1.5171879792721428,
  "eval_mae_M": 0.741022644366366,
  "eval_r2": 0.8568627709382115,
  "eval_mape": 71.54932437408448,
  "eval_mdape": 43.05603218078613,
  "eval_within_10pct": 12.31516687790452,
  "eval_within_25pct": 29.974651457541192,
  "eval_within_50pct": 56.25264047317279,
  "season": "2009-2010",
  "cutoff_date": "2009-07-01T00:00:00",
  "min_valuations": 5,
  "cutoff_months": 12,
  "full_dataset_size": 536494,
  "filtered_dataset_size": 14591
}