{
  "season": "2021-2022",
  "weighted_average": {
    "total_eval_samples": 55419,
    "total_train_samples": 301287,
    "total_val_samples": 55419,
    "val_rmse": 0.8006204736067821,
    "val_mae": 0.41035738203511496,
    "val_mape": 55.7853877694094,
    "val_mdape": 33.40581988197771,
    "eval_rmse_M": 0.8005116870050928,
    "eval_mae_M": 0.4100606938919201,
    "eval_r2": 0.0975063252332746,
    "eval_mape": 55.75276352953498,
    "eval_mdape": 33.40582040375014,
    "eval_within_10pct": 16.829006629608585,
    "eval_within_25pct": 39.70684479551989,
    "eval_within_50pct": 66.64061665476899
  },
  "segments": {
    "under_1M": {
      "train_rmse": 0.4169176777657664,
      "val_rmse": 0.4334015939452591,
      "train_mae": 0.16553304515183748,
      "val_mae": 0.15753247684435248,
      "train_mape": 39.99117123279249,
      "val_mape": 54.08675693541267,
      "train_mdape": 29.228194057941437,
      "val_mdape": 32.41026997566223,
      "num_train_samples": 249078,
      "num_val_samples": 48814,
      "num_features": 66,
      "train_seasons": [
        "2002-2003",
        "2003-2004",
        "2004-2005",
        "2005-2006",
        "2006-2007",
        "2007-2008",
        "2008-2009",
        "2009-2010",
        "2010-2011",
        "2011-2012",
        "2012-2013",
        "2013-2014",
        "2014-2015",
        "2015-2016",
        "2016-2017",
        "2017-2018",
        "2018-2019",
        "2019-2020",
        "2020-2021"
      ],
      "val_seasons": [
        "2021-2022"
      ],
      "eval_season": "2021-2022",
      "eval_samples": 48814,
      "eval_rmse_M": 0.4332834371481099,
      "eval_mae_M": 0.15721249465189407,
      "eval_r2": 0.06480498096863685,
      "eval_mape": 54.05160025803296,
      "eval_mdape": 32.41027069091797,
      "eval_within_10pct": 17.124269875135532,
      "eval_within_25pct": 40.379839809730335,
      "eval_within_50pct": 67.79755867230946,
      "segment": "under_1M",
      "status": "trained",
      "season": "2021-2022",
      "segment_range": "\u20ac0M \u2013 \u20ac1M",
      "total_segment_samples": 297892
    },
    "1M_10M": {
      "train_rmse": 1.5826103477292108,
      "val_rmse": 2.4599297301538945,
      "train_mae": 0.9327610535028803,
      "val_mae": 1.4697397260401601,
      "train_mape": 42.155937481964514,
      "val_mape": 72.45998345507894,
      "train_mdape": 26.50906377368503,
      "val_mdape": 42.93986439704895,
      "num_train_samples": 46250,
      "num_val_samples": 5621,
      "num_features": 66,
      "train_seasons": [
        "2005-2006",
        "2006-2007",
        "2007-2008",
        "2008-2009",
        "2009-2010",
        "2010-2011",
        "2011-2012",
        "2012-2013",
        "2013-2014",
        "2014-2015",
        "2015-2016",
        "2016-2017",
        "2017-2018",
        "2018-2019",
        "2019-2020",
        "2020-2021"
      ],
      "val_seasons": [
        "2021-2022"
      ],
      "eval_season": "2021-2022",
      "eval_samples": 5621,
      "eval_rmse_M": 2.459883274036264,
      "eval_mae_M": 1.4695933875703973,
      "eval_r2": 0.28230581599703464,
      "eval_mape": 72.44364027884633,
      "eval_mdape": 42.939863204956055,
      "eval_within_10pct": 13.505747126436782,
      "eval_within_25pct": 32.79454022988506,
      "eval_within_50pct": 55.94468390804598,
      "segment": "1M_10M",
      "status": "trained",
      "season": "2021-2022",
      "segment_range": "\u20ac1M \u2013 \u20ac10M",
      "total_segment_samples": 51871
    },
    "10M_100M": {
      "train_rmse": 3.064230634976816,
      "val_rmse": 9.438150272828462,
      "train_mae": 2.2347542171594537,
      "val_mae": 6.802637749421792,
      "train_mape": 15.008052959505925,
      "val_mape": 44.98920410059491,
      "train_mdape": 9.354444231305802,
      "val_mdape": 28.43937613747337,
      "num_train_samples": 5906,
      "num_val_samples": 976,
      "num_features": 66,
      "train_seasons": [
        "2005-2006",
        "2006-2007",
        "2007-2008",
        "2008-2009",
        "2009-2010",
        "2010-2011",
        "2011-2012",
        "2012-2013",
        "2013-2014",
        "2014-2015",
        "2015-2016",
        "2016-2017",
        "2017-2018",
        "2018-2019",
        "2019-2020",
        "2020-2021"
      ],
      "val_seasons": [
        "2021-2022"
      ],
      "eval_season": "2021-2022",
      "eval_samples": 976,
      "eval_rmse_M": 9.438150263662703,
      "eval_mae_M": 6.802637768964298,
      "eval_r2": 0.6649466746956811,
      "eval_mape": 44.98920440673828,
      "eval_mdape": 28.439376831054688,
      "eval_within_10pct": 21.1340206185567,
      "eval_within_25pct": 45.670103092783506,
      "eval_within_50pct": 70.20618556701031,
      "segment": "10M_100M",
      "status": "trained",
      "season": "2021-2022",
      "segment_range": "\u20ac10M \u2013 \u20ac100M",
      "total_segment_samples": 6882
    },
    "over_100M": {
      "train_rmse": 0.9454006885297831,
      "val_rmse": 21.82761756184503,
      "train_mae": 0.4627766159345519,
      "val_mae": 18.87799835205078,
      "train_mape": 0.39232853671230405,
      "val_mape": 21.552693060688835,
      "train_mdape": 0.0639682345920139,
      "val_mdape": 15.050570170084637,
      "num_train_samples": 53,
      "num_val_samples": 8,
      "num_features": 66,
      "train_seasons": [
        "2011-2012",
        "2012-2013",
        "2013-2014",
        "2014-2015",
        "2015-2016",
        "2016-2017",
        "2017-2018",
        "2018-2019",
        "2019-2020",
        "2020-2021"
      ],
      "val_seasons": [
        "2021-2022"
      ],
      "eval_season": "2021-2022",
      "eval_samples": 8,
      "eval_rmse_M": 21.82761756184503,
      "eval_mae_M": 18.87799835205078,
      "eval_r2": 0.560468859686132,
      "eval_mape": 21.552692413330078,
      "eval_mdape": 15.050573348999023,
      "eval_within_10pct": 25.0,
      "eval_within_25pct": 62.5,
      "eval_within_50pct": 87.5,
      "segment": "over_100M",
      "status": "trained",
      "season": "2021-2022",
      "segment_range": "\u2265\u20ac100M",
      "total_segment_samples": 61
    }
  }
}