{
  "train_rmse": 0.8072234305365363,
  "val_rmse": 1.370191906989588,
  "train_mae": 0.4504678583344857,
  "val_mae": 0.5406620651043043,
  "train_mape": 44.24585509152201,
  "val_mape": 50.01082586211331,
  "train_mdape": 30.71593072679308,
  "val_mdape": 36.39182306471326,
  "num_train_samples": 23742,
  "num_val_samples": 11423,
  "num_features": 64,
  "train_seasons": [
    "2002-2003",
    "2003-2004",
    "2004-2005",
    "2005-2006",
    "2006-2007",
    "2007-2008",
    "2008-2009",
    "2009-2010",
    "2010-2011"
  ],
  "val_seasons": [
    "2011-2012"
  ],
  "eval_season": "2011-2012",
  "eval_samples": 11423,
  "eval_rmse_M": 1.370037596798967,
  "eval_mae_M": 0.5402326297027112,
  "eval_r2": 0.8649242713412059,
  "eval_mape": 49.97386289337423,
  "eval_mdape": 36.391822814941406,
  "eval_within_10pct": 14.497827136648961,
  "eval_within_25pct": 36.39546112988894,
  "eval_within_50pct": 64.77547078705939,
  "season": "2011-2012",
  "cutoff_date": "2011-07-01T00:00:00",
  "min_valuations": 5,
  "cutoff_months": 12,
  "full_dataset_size": 536494,
  "filtered_dataset_size": 35165
}