{
  "train_rmse": 0.5675747117783375,
  "val_rmse": 1.7954804432539078,
  "train_mae": 0.3556258364464965,
  "val_mae": 0.9846490113333944,
  "train_mape": 32.2276434303014,
  "val_mape": 94.00316380476936,
  "train_mdape": 19.891037543614708,
  "val_mdape": 53.8529725635753,
  "num_train_samples": 4375,
  "num_val_samples": 4046,
  "num_features": 66,
  "train_seasons": [
    "2002-2003",
    "2003-2004",
    "2004-2005",
    "2005-2006",
    "2006-2007",
    "2007-2008"
  ],
  "val_seasons": [
    "2008-2009"
  ],
  "eval_season": "2008-2009",
  "eval_samples": 4046,
  "eval_rmse_M": 1.7945266895281027,
  "eval_mae_M": 0.9802443468372423,
  "eval_r2": 0.8057117096339718,
  "eval_mape": 93.1900084073056,
  "eval_mdape": 53.852970123291016,
  "eval_within_10pct": 10.714285714285714,
  "eval_within_25pct": 24.778761061946902,
  "eval_within_50pct": 46.871049304677626,
  "season": "2008-2009",
  "cutoff_date": "2008-07-01T00:00:00",
  "min_valuations": 5,
  "cutoff_months": 12,
  "full_dataset_size": 536494,
  "filtered_dataset_size": 8421
}