{
  "train_rmse": 1.1296023626687286,
  "val_rmse": 1.9502592829664913,
  "train_mae": 0.35752380536342016,
  "val_mae": 0.4112781061202355,
  "train_mape": 42.723121916829875,
  "val_mape": 44.887404183842115,
  "train_mdape": 30.951051712036133,
  "val_mdape": 31.87478455630216,
  "num_train_samples": 477535,
  "num_val_samples": 58959,
  "num_features": 64,
  "train_seasons": [
    "2002-2003",
    "2003-2004",
    "2004-2005",
    "2005-2006",
    "2006-2007",
    "2007-2008",
    "2008-2009",
    "2009-2010",
    "2010-2011",
    "2011-2012",
    "2012-2013",
    "2013-2014",
    "2014-2015",
    "2015-2016",
    "2016-2017",
    "2017-2018",
    "2018-2019",
    "2019-2020",
    "2020-2021",
    "2021-2022",
    "2022-2023",
    "2023-2024"
  ],
  "val_seasons": [
    "2024-2025"
  ],
  "eval_season": "2024-2025",
  "eval_samples": 58959,
  "eval_rmse_M": 1.9502502249054996,
  "eval_mae_M": 0.4110672348725284,
  "eval_r2": 0.8285382071258569,
  "eval_mape": 44.866912518579696,
  "eval_mdape": 31.874784469604492,
  "eval_within_10pct": 17.326468022846854,
  "eval_within_25pct": 41.070875889817394,
  "eval_within_50pct": 69.22146253622576,
  "season": "2024-2025",
  "cutoff_date": "2024-07-01T00:00:00",
  "min_valuations": 5,
  "cutoff_months": 12,
  "full_dataset_size": 536494,
  "filtered_dataset_size": 536494
}