{
  "train_rmse": 0.8181428850744566,
  "val_rmse": 1.3430417073898275,
  "train_mae": 0.3872760273383826,
  "val_mae": 0.40007978012296735,
  "train_mape": 42.203990074436746,
  "val_mape": 42.105861944062696,
  "train_mdape": 30.32220502694448,
  "val_mdape": 29.99375561873118,
  "num_train_samples": 109501,
  "num_val_samples": 27968,
  "num_features": 66,
  "train_seasons": [
    "2002-2003",
    "2003-2004",
    "2004-2005",
    "2005-2006",
    "2006-2007",
    "2007-2008",
    "2008-2009",
    "2009-2010",
    "2010-2011",
    "2011-2012",
    "2012-2013",
    "2013-2014",
    "2014-2015",
    "2015-2016"
  ],
  "val_seasons": [
    "2016-2017"
  ],
  "eval_season": "2016-2017",
  "eval_samples": 27968,
  "eval_rmse_M": 1.343023632306242,
  "eval_mae_M": 0.4000027773461183,
  "eval_r2": 0.8689925899412272,
  "eval_mape": 42.092576990690496,
  "eval_mdape": 29.99375629425049,
  "eval_within_10pct": 18.04504072831816,
  "eval_within_25pct": 42.5443219932918,
  "eval_within_50pct": 71.5764254911356,
  "season": "2016-2017",
  "cutoff_date": "2016-07-01T00:00:00",
  "min_valuations": 5,
  "cutoff_months": 12,
  "full_dataset_size": 536494,
  "filtered_dataset_size": 137469
}