{
  "season": "2019-2020",
  "weighted_average": {
    "total_eval_samples": 44503,
    "total_train_samples": 208690,
    "total_val_samples": 44503,
    "val_rmse": 1.4724469545072065,
    "val_mae": 0.8681462200256518,
    "val_mape": 115.18095636630626,
    "val_mdape": 57.83864352912631,
    "eval_rmse_M": 1.4722154854968497,
    "eval_mae_M": 0.8675138127200603,
    "eval_r2": -2.4354669483056246,
    "eval_mape": 115.06311826085359,
    "eval_mdape": 57.81466692831131,
    "eval_within_10pct": 11.665692559896398,
    "eval_within_25pct": 27.54103208462682,
    "eval_within_50pct": 48.64513952172122
  },
  "segments": {
    "under_1M": {
      "train_rmse": 0.41707964517919677,
      "val_rmse": 0.7514165146891439,
      "train_mae": 0.18060590217414874,
      "val_mae": 0.3128346431594786,
      "train_mape": 41.056634390598106,
      "val_mape": 104.73406841832869,
      "train_mdape": 30.3520917892456,
      "val_mdape": 46.74146608872846,
      "num_train_samples": 168417,
      "num_val_samples": 38096,
      "num_features": 66,
      "train_seasons": [
        "2002-2003",
        "2003-2004",
        "2004-2005",
        "2005-2006",
        "2006-2007",
        "2007-2008",
        "2008-2009",
        "2009-2010",
        "2010-2011",
        "2011-2012",
        "2012-2013",
        "2013-2014",
        "2014-2015",
        "2015-2016",
        "2016-2017",
        "2017-2018",
        "2018-2019"
      ],
      "val_seasons": [
        "2019-2020"
      ],
      "eval_season": "2019-2020",
      "eval_samples": 38096,
      "eval_rmse_M": 0.7511578370575563,
      "eval_mae_M": 0.3121576799828456,
      "eval_r2": -2.5675908453747214,
      "eval_mape": 104.60425057207901,
      "eval_mdape": 46.7414665222168,
      "eval_within_10pct": 12.695983121664668,
      "eval_within_25pct": 29.9218135936789,
      "eval_within_50pct": 52.4800397137302,
      "segment": "under_1M",
      "status": "trained",
      "season": "2019-2020",
      "segment_range": "\u20ac0M \u2013 \u20ac1M",
      "total_segment_samples": 206513
    },
    "1M_10M": {
      "train_rmse": 1.4464148335190006,
      "val_rmse": 4.748633977790704,
      "train_mae": 0.8935779177657948,
      "val_mae": 3.3514083527557696,
      "train_mape": 40.91557248188685,
      "val_mape": 198.61302226435012,
      "train_mdape": 25.610534350077312,
      "val_mdape": 138.52694034576413,
      "num_train_samples": 36192,
      "num_val_samples": 5414,
      "num_features": 66,
      "train_seasons": [
        "2005-2006",
        "2006-2007",
        "2007-2008",
        "2008-2009",
        "2009-2010",
        "2010-2011",
        "2011-2012",
        "2012-2013",
        "2013-2014",
        "2014-2015",
        "2015-2016",
        "2016-2017",
        "2017-2018",
        "2018-2019"
      ],
      "val_seasons": [
        "2019-2020"
      ],
      "eval_season": "2019-2020",
      "eval_samples": 5414,
      "eval_rmse_M": 4.748551500936689,
      "eval_mae_M": 3.350973464921492,
      "eval_r2": -2.0239622300368167,
      "eval_mape": 198.55786818600504,
      "eval_mdape": 138.32984924316406,
      "eval_within_10pct": 4.468441630981195,
      "eval_within_25pct": 10.631167380376095,
      "eval_within_50pct": 20.350027927760195,
      "segment": "1M_10M",
      "status": "trained",
      "season": "2019-2020",
      "segment_range": "\u20ac1M \u2013 \u20ac10M",
      "total_segment_samples": 41606
    },
    "10M_100M": {
      "train_rmse": 2.279124786369565,
      "val_rmse": 11.272143924549553,
      "train_mae": 1.6426288913786633,
      "val_mae": 8.633270737339723,
      "train_mape": 10.947751984416765,
      "val_mape": 61.08572826373254,
      "train_mdape": 6.7032318115234375,
      "val_mdape": 43.650962566507275,
      "num_train_samples": 4081,
      "num_val_samples": 993,
      "num_features": 66,
      "train_seasons": [
        "2005-2006",
        "2006-2007",
        "2007-2008",
        "2008-2009",
        "2009-2010",
        "2010-2011",
        "2011-2012",
        "2012-2013",
        "2013-2014",
        "2014-2015",
        "2015-2016",
        "2016-2017",
        "2017-2018",
        "2018-2019"
      ],
      "val_seasons": [
        "2019-2020"
      ],
      "eval_season": "2019-2020",
      "eval_samples": 993,
      "eval_rmse_M": 11.272143972256197,
      "eval_mae_M": 8.633270787280372,
      "eval_r2": 0.38981546663595124,
      "eval_mape": 61.085723876953125,
      "eval_mdape": 43.65096664428711,
      "eval_within_10pct": 11.379657603222558,
      "eval_within_25pct": 28.3987915407855,
      "eval_within_50pct": 55.79053373615307,
      "segment": "10M_100M",
      "status": "trained",
      "season": "2019-2020",
      "segment_range": "\u20ac10M \u2013 \u20ac100M",
      "total_segment_samples": 5074
    },
    "over_100M": {
      "segment": "over_100M",
      "status": "skipped",
      "reason": "insufficient samples (44)",
      "samples": 44
    }
  }
}