{
  "train_rmse": 0.7796751672303712,
  "val_rmse": 1.3948341625330463,
  "train_mae": 0.4292052825882094,
  "val_mae": 0.5327226713535139,
  "train_mape": 44.2169954742564,
  "val_mape": 50.282266849946225,
  "train_mdape": 31.022321846750046,
  "val_mdape": 36.200205485026046,
  "num_train_samples": 35165,
  "num_val_samples": 14013,
  "num_features": 64,
  "train_seasons": [
    "2002-2003",
    "2003-2004",
    "2004-2005",
    "2005-2006",
    "2006-2007",
    "2007-2008",
    "2008-2009",
    "2009-2010",
    "2010-2011",
    "2011-2012"
  ],
  "val_seasons": [
    "2012-2013"
  ],
  "eval_season": "2012-2013",
  "eval_samples": 14013,
  "eval_rmse_M": 1.394813577327836,
  "eval_mae_M": 0.5323108172916114,
  "eval_r2": 0.8612991596949717,
  "eval_mape": 50.249647918270895,
  "eval_mdape": 36.2002067565918,
  "eval_within_10pct": 14.419494512133724,
  "eval_within_25pct": 35.77686033632061,
  "eval_within_50pct": 64.31376497835062,
  "season": "2012-2013",
  "cutoff_date": "2012-07-01T00:00:00",
  "min_valuations": 5,
  "cutoff_months": 12,
  "full_dataset_size": 536494,
  "filtered_dataset_size": 49178
}