{
  "season": "2019-2020",
  "weighted_average": {
    "total_eval_samples": 44503,
    "total_train_samples": 208690,
    "total_val_samples": 44503,
    "val_rmse": 1.5275831688241455,
    "val_mae": 0.9155785022003726,
    "val_mape": 119.52391167518603,
    "val_mdape": 62.44683000614036,
    "eval_rmse_M": 1.5274976340735646,
    "eval_mae_M": 0.915187200777424,
    "eval_r2": -2.635886984779518,
    "eval_mape": 119.4442201192755,
    "eval_mdape": 62.446831836412855,
    "eval_within_10pct": 11.166102122009763,
    "eval_within_25pct": 26.729195503852967,
    "eval_within_50pct": 47.79233092719045
  },
  "segments": {
    "under_1M": {
      "train_rmse": 0.4140971280884612,
      "val_rmse": 0.7698651639911442,
      "train_mae": 0.1807724572115881,
      "val_mae": 0.31703935682085743,
      "train_mape": 41.03303500686745,
      "val_mape": 105.46740127786167,
      "train_mdape": 30.291807651519775,
      "val_mdape": 47.24497611706073,
      "num_train_samples": 168417,
      "num_val_samples": 38096,
      "num_features": 66,
      "train_seasons": [
        "2002-2003",
        "2003-2004",
        "2004-2005",
        "2005-2006",
        "2006-2007",
        "2007-2008",
        "2008-2009",
        "2009-2010",
        "2010-2011",
        "2011-2012",
        "2012-2013",
        "2013-2014",
        "2014-2015",
        "2015-2016",
        "2016-2017",
        "2017-2018",
        "2018-2019"
      ],
      "val_seasons": [
        "2019-2020"
      ],
      "eval_season": "2019-2020",
      "eval_samples": 38096,
      "eval_rmse_M": 0.7697706676304902,
      "eval_mae_M": 0.31659681124173733,
      "eval_r2": -2.7465829435071862,
      "eval_mape": 105.37522484063052,
      "eval_mdape": 47.24497985839844,
      "eval_within_10pct": 12.170603565962024,
      "eval_within_25pct": 29.177181152525545,
      "eval_within_50pct": 51.925702229760475,
      "segment": "under_1M",
      "status": "trained",
      "season": "2019-2020",
      "segment_range": "\u20ac0M \u2013 \u20ac1M",
      "total_segment_samples": 206513
    },
    "1M_10M": {
      "train_rmse": 1.4594581649900997,
      "val_rmse": 5.041549440739374,
      "train_mae": 0.8989183845448682,
      "val_mae": 3.686932814957131,
      "train_mape": 41.096049802467064,
      "val_mape": 229.2331178886965,
      "train_mdape": 25.787055492401123,
      "val_mdape": 172.80683517456055,
      "num_train_samples": 36192,
      "num_val_samples": 5414,
      "num_features": 66,
      "train_seasons": [
        "2005-2006",
        "2006-2007",
        "2007-2008",
        "2008-2009",
        "2009-2010",
        "2010-2011",
        "2011-2012",
        "2012-2013",
        "2013-2014",
        "2014-2015",
        "2015-2016",
        "2016-2017",
        "2017-2018",
        "2018-2019"
      ],
      "val_seasons": [
        "2019-2020"
      ],
      "eval_season": "2019-2020",
      "eval_samples": 5414,
      "eval_rmse_M": 5.041511272205986,
      "eval_mae_M": 3.6868303222273853,
      "eval_r2": -2.408596097455623,
      "eval_mape": 229.22666077610586,
      "eval_mdape": 172.80682373046875,
      "eval_within_10pct": 4.040215974678831,
      "eval_within_25pct": 9.197542357102959,
      "eval_within_50pct": 17.222118786073356,
      "segment": "1M_10M",
      "status": "trained",
      "season": "2019-2020",
      "segment_range": "\u20ac1M \u2013 \u20ac10M",
      "total_segment_samples": 41606
    },
    "10M_100M": {
      "train_rmse": 2.3613808162985412,
      "val_rmse": 11.438370395379001,
      "train_mae": 1.70433244704616,
      "val_mae": 8.768383167973699,
      "train_mape": 11.341998626541058,
      "val_mape": 60.64292240683067,
      "train_mdape": 7.069690410907452,
      "val_mdape": 43.95816714264626,
      "num_train_samples": 4081,
      "num_val_samples": 993,
      "num_features": 66,
      "train_seasons": [
        "2005-2006",
        "2006-2007",
        "2007-2008",
        "2008-2009",
        "2009-2010",
        "2010-2011",
        "2011-2012",
        "2012-2013",
        "2013-2014",
        "2014-2015",
        "2015-2016",
        "2016-2017",
        "2017-2018",
        "2018-2019"
      ],
      "val_seasons": [
        "2019-2020"
      ],
      "eval_season": "2019-2020",
      "eval_samples": 993,
      "eval_rmse_M": 11.438370420343897,
      "eval_mae_M": 8.768383192944023,
      "eval_r2": 0.37168640869247527,
      "eval_mape": 60.642921447753906,
      "eval_mdape": 43.958168029785156,
      "eval_within_10pct": 11.48036253776435,
      "eval_within_25pct": 28.3987915407855,
      "eval_within_50pct": 55.89123867069487,
      "segment": "10M_100M",
      "status": "trained",
      "season": "2019-2020",
      "segment_range": "\u20ac10M \u2013 \u20ac100M",
      "total_segment_samples": 5074
    },
    "over_100M": {
      "segment": "over_100M",
      "status": "skipped",
      "reason": "insufficient samples (44)",
      "samples": 44
    }
  }
}