{
  "train_rmse": 0.37079627020158457,
  "val_rmse": 2.049925585108168,
  "train_mae": 0.2383816369238735,
  "val_mae": 1.08044225287407,
  "train_mape": 23.770182528875456,
  "val_mape": 88.52006011890727,
  "train_mdape": 13.087475299835205,
  "val_mdape": 54.01303592850179,
  "num_train_samples": 2325,
  "num_val_samples": 2050,
  "num_features": 66,
  "train_seasons": [
    "2002-2003",
    "2003-2004",
    "2004-2005",
    "2005-2006",
    "2006-2007"
  ],
  "val_seasons": [
    "2007-2008"
  ],
  "eval_season": "2007-2008",
  "eval_samples": 2050,
  "eval_rmse_M": 2.046446494403551,
  "eval_mae_M": 1.0620587136124773,
  "eval_r2": 0.7922179194133225,
  "eval_mape": 83.95073567643203,
  "eval_mdape": 54.01303482055664,
  "eval_within_10pct": 10.335917312661499,
  "eval_within_25pct": 24.87080103359173,
  "eval_within_50pct": 46.963824289405686,
  "season": "2007-2008",
  "cutoff_date": "2007-07-01T00:00:00",
  "min_valuations": 5,
  "cutoff_months": 12,
  "full_dataset_size": 536494,
  "filtered_dataset_size": 4375
}