{
  "train_rmse": 0.7855560654145852,
  "val_rmse": 1.3750540653198315,
  "train_mae": 0.4430351770838087,
  "val_mae": 0.5341300490669908,
  "train_mape": 43.58312422532036,
  "val_mape": 49.49198406773526,
  "train_mdape": 30.31781017780304,
  "val_mdape": 35.742344458897904,
  "num_train_samples": 23742,
  "num_val_samples": 11423,
  "num_features": 71,
  "train_seasons": [
    "2002-2003",
    "2003-2004",
    "2004-2005",
    "2005-2006",
    "2006-2007",
    "2007-2008",
    "2008-2009",
    "2009-2010",
    "2010-2011"
  ],
  "val_seasons": [
    "2011-2012"
  ],
  "eval_season": "2011-2012",
  "eval_samples": 11423,
  "eval_rmse_M": 1.3750323955301254,
  "eval_mae_M": 0.5339101640312425,
  "eval_r2": 0.8639375744418641,
  "eval_mape": 49.46881359115959,
  "eval_mdape": 35.742347717285156,
  "eval_within_10pct": 15.041042974408498,
  "eval_within_25pct": 36.49203283437953,
  "eval_within_50pct": 65.29454369869629,
  "season": "2011-2012",
  "cutoff_date": "2011-07-01T00:00:00",
  "min_valuations": 5,
  "cutoff_months": 12,
  "full_dataset_size": 536494,
  "filtered_dataset_size": 35165
}