{
  "train_rmse": 0.5951997999183481,
  "val_rmse": 1.7875920499910918,
  "train_mae": 0.37061201879921396,
  "val_mae": 0.969746279471783,
  "train_mape": 33.309905903990526,
  "val_mape": 92.90063662323843,
  "train_mdape": 20.661561191082008,
  "val_mdape": 51.22572183609009,
  "num_train_samples": 4375,
  "num_val_samples": 4046,
  "num_features": 71,
  "train_seasons": [
    "2002-2003",
    "2003-2004",
    "2004-2005",
    "2005-2006",
    "2006-2007",
    "2007-2008"
  ],
  "val_seasons": [
    "2008-2009"
  ],
  "eval_season": "2008-2009",
  "eval_samples": 4046,
  "eval_rmse_M": 1.7872558194895816,
  "eval_mae_M": 0.9676598831958931,
  "eval_r2": 0.8072829129113673,
  "eval_mape": 92.56156001487858,
  "eval_mdape": 51.22572135925293,
  "eval_within_10pct": 10.6826801517067,
  "eval_within_25pct": 25.758533501896334,
  "eval_within_50pct": 48.988621997471554,
  "season": "2008-2009",
  "cutoff_date": "2008-07-01T00:00:00",
  "min_valuations": 5,
  "cutoff_months": 12,
  "full_dataset_size": 536494,
  "filtered_dataset_size": 8421
}