{
  "train_rmse": 1.0750703296494921,
  "val_rmse": 1.5249301462952907,
  "train_mae": 0.37826099745160174,
  "val_mae": 0.39150175924501224,
  "train_mape": 42.557289462030894,
  "val_mape": 52.24888682171097,
  "train_mdape": 30.433506435818142,
  "val_mdape": 34.018798172473915,
  "num_train_samples": 301287,
  "num_val_samples": 55419,
  "num_features": 64,
  "train_seasons": [
    "2002-2003",
    "2003-2004",
    "2004-2005",
    "2005-2006",
    "2006-2007",
    "2007-2008",
    "2008-2009",
    "2009-2010",
    "2010-2011",
    "2011-2012",
    "2012-2013",
    "2013-2014",
    "2014-2015",
    "2015-2016",
    "2016-2017",
    "2017-2018",
    "2018-2019",
    "2019-2020",
    "2020-2021"
  ],
  "val_seasons": [
    "2021-2022"
  ],
  "eval_season": "2021-2022",
  "eval_samples": 55419,
  "eval_rmse_M": 1.5247504852835294,
  "eval_mae_M": 0.39112375003340144,
  "eval_r2": 0.8497554700514786,
  "eval_mape": 52.21677401289912,
  "eval_mdape": 34.018795013427734,
  "eval_within_10pct": 16.353132026069385,
  "eval_within_25pct": 38.90201212397188,
  "eval_within_50pct": 65.96749864814868,
  "season": "2021-2022",
  "cutoff_date": "2021-07-01T00:00:00",
  "min_valuations": 5,
  "cutoff_months": 12,
  "full_dataset_size": 536494,
  "filtered_dataset_size": 356706
}