{
  "train_rmse": 0.9408158141610116,
  "val_rmse": 2.452110793973679,
  "train_mae": 0.3905681122769922,
  "val_mae": 0.5450734023689885,
  "train_mape": 42.68028360078222,
  "val_mape": 45.48332760445504,
  "train_mdape": 30.149635672569275,
  "val_mdape": 31.605679648263113,
  "num_train_samples": 170566,
  "num_val_samples": 38150,
  "num_features": 66,
  "train_seasons": [
    "2002-2003",
    "2003-2004",
    "2004-2005",
    "2005-2006",
    "2006-2007",
    "2007-2008",
    "2008-2009",
    "2009-2010",
    "2010-2011",
    "2011-2012",
    "2012-2013",
    "2013-2014",
    "2014-2015",
    "2015-2016",
    "2016-2017",
    "2017-2018"
  ],
  "val_seasons": [
    "2018-2019"
  ],
  "eval_season": "2018-2019",
  "eval_samples": 38150,
  "eval_rmse_M": 2.4521007957213947,
  "eval_mae_M": 0.5449049591619941,
  "eval_r2": 0.7969500486986194,
  "eval_mape": 45.46220544243106,
  "eval_mdape": 31.60567855834961,
  "eval_within_10pct": 17.09184599194397,
  "eval_within_25pct": 40.87527669920528,
  "eval_within_50pct": 70.12374351344486,
  "season": "2018-2019",
  "cutoff_date": "2018-07-01T00:00:00",
  "min_valuations": 5,
  "cutoff_months": 12,
  "full_dataset_size": 536494,
  "filtered_dataset_size": 208716
}