{
  "season": "2020-2021",
  "weighted_average": {
    "total_eval_samples": 48050,
    "total_train_samples": 253237,
    "total_val_samples": 48050,
    "val_rmse": 0.9978118256552393,
    "val_mae": 0.4178826291812145,
    "val_mape": 39.56542760515575,
    "val_mdape": 30.43535183628681,
    "eval_rmse_M": 0.9977755398229234,
    "eval_mae_M": 0.41758783953858064,
    "eval_r2": 0.18845397770348168,
    "eval_mape": 39.5378176926641,
    "eval_mdape": 30.435352019846874,
    "eval_within_10pct": 16.981972530432483,
    "eval_within_25pct": 41.87367168382838,
    "eval_within_50pct": 73.64180476181947
  },
  "segments": {
    "under_1M": {
      "train_rmse": 0.4074360639011004,
      "val_rmse": 0.5629602807759064,
      "train_mae": 0.16866266654111506,
      "val_mae": 0.1554244822784786,
      "train_mape": 39.61277261364721,
      "val_mape": 38.87418891496456,
      "train_mdape": 28.97582848866781,
      "val_mdape": 29.984253747709865,
      "num_train_samples": 206513,
      "num_val_samples": 42565,
      "num_features": 65,
      "train_seasons": [
        "2002-2003",
        "2003-2004",
        "2004-2005",
        "2005-2006",
        "2006-2007",
        "2007-2008",
        "2008-2009",
        "2009-2010",
        "2010-2011",
        "2011-2012",
        "2012-2013",
        "2013-2014",
        "2014-2015",
        "2015-2016",
        "2016-2017",
        "2017-2018",
        "2018-2019",
        "2019-2020"
      ],
      "val_seasons": [
        "2020-2021"
      ],
      "eval_season": "2020-2021",
      "eval_samples": 42565,
      "eval_rmse_M": 0.5629193190734099,
      "eval_mae_M": 0.15509170553840754,
      "eval_r2": 0.167999694117567,
      "eval_mape": 38.8430212027279,
      "eval_mdape": 29.984253883361816,
      "eval_within_10pct": 17.298351486605828,
      "eval_within_25pct": 42.331468943185165,
      "eval_within_50pct": 74.2309390638799,
      "segment": "under_1M",
      "status": "trained",
      "season": "2020-2021",
      "segment_range": "\u20ac0M \u2013 \u20ac1M",
      "total_segment_samples": 249078
    },
    "1M_10M": {
      "train_rmse": 1.4820088052709608,
      "val_rmse": 3.1731589320116944,
      "train_mae": 0.8925977521084903,
      "val_mae": 1.5238445178107467,
      "train_mape": 41.268409704747526,
      "val_mape": 46.41051503596042,
      "train_mdape": 25.8485687243474,
      "val_mdape": 34.96913115183513,
      "num_train_samples": 41606,
      "num_val_samples": 4644,
      "num_features": 65,
      "train_seasons": [
        "2005-2006",
        "2006-2007",
        "2007-2008",
        "2008-2009",
        "2009-2010",
        "2010-2011",
        "2011-2012",
        "2012-2013",
        "2013-2014",
        "2014-2015",
        "2015-2016",
        "2016-2017",
        "2017-2018",
        "2018-2019",
        "2019-2020"
      ],
      "val_seasons": [
        "2020-2021"
      ],
      "eval_season": "2020-2021",
      "eval_samples": 4644,
      "eval_rmse_M": 3.173158932227425,
      "eval_mae_M": 1.52384451885678,
      "eval_r2": 0.3016297444881034,
      "eval_mape": 46.41051483154297,
      "eval_mdape": 34.96913146972656,
      "eval_within_10pct": 13.9921294271972,
      "eval_within_25pct": 37.013554875382596,
      "eval_within_50pct": 67.83996501967643,
      "segment": "1M_10M",
      "status": "trained",
      "season": "2020-2021",
      "segment_range": "\u20ac1M \u2013 \u20ac10M",
      "total_segment_samples": 46250
    },
    "10M_100M": {
      "train_rmse": 2.724069034161729,
      "val_rmse": 10.860049174422905,
      "train_mae": 1.951293322407546,
      "val_mae": 7.4499192909552505,
      "train_mape": 13.148264063263293,
      "val_mape": 36.9131146666274,
      "train_mdape": 8.170256614685059,
      "val_mdape": 28.346946716308597,
      "num_train_samples": 5074,
      "num_val_samples": 832,
      "num_features": 65,
      "train_seasons": [
        "2005-2006",
        "2006-2007",
        "2007-2008",
        "2008-2009",
        "2009-2010",
        "2010-2011",
        "2011-2012",
        "2012-2013",
        "2013-2014",
        "2014-2015",
        "2015-2016",
        "2016-2017",
        "2017-2018",
        "2018-2019",
        "2019-2020"
      ],
      "val_seasons": [
        "2020-2021"
      ],
      "eval_season": "2020-2021",
      "eval_samples": 832,
      "eval_rmse_M": 10.860049173968747,
      "eval_mae_M": 7.449919284650913,
      "eval_r2": 0.6060293234661369,
      "eval_mape": 36.91311264038086,
      "eval_mdape": 28.346948623657227,
      "eval_within_10pct": 17.427884615384613,
      "eval_within_25pct": 45.3125,
      "eval_within_50pct": 75.72115384615384,
      "segment": "10M_100M",
      "status": "trained",
      "season": "2020-2021",
      "segment_range": "\u20ac10M \u2013 \u20ac100M",
      "total_segment_samples": 5906
    },
    "over_100M": {
      "train_rmse": 0.9664888934679914,
      "val_rmse": 23.415875347291227,
      "train_mae": 0.4199492714621804,
      "val_mae": 20.950050354003906,
      "train_mape": 0.3509717147947516,
      "val_mape": 21.86689251475172,
      "train_mdape": 0.08285320506376379,
      "val_mdape": 17.510025024414062,
      "num_train_samples": 44,
      "num_val_samples": 9,
      "num_features": 65,
      "train_seasons": [
        "2011-2012",
        "2012-2013",
        "2013-2014",
        "2014-2015",
        "2015-2016",
        "2016-2017",
        "2017-2018",
        "2018-2019",
        "2019-2020"
      ],
      "val_seasons": [
        "2020-2021"
      ],
      "eval_season": "2020-2021",
      "eval_samples": 9,
      "eval_rmse_M": 23.415875347291227,
      "eval_mae_M": 20.950050354003906,
      "eval_r2": -0.07536466539153452,
      "eval_mape": 21.866893768310547,
      "eval_mdape": 17.51002311706543,
      "eval_within_10pct": 22.22222222222222,
      "eval_within_25pct": 66.66666666666666,
      "eval_within_50pct": 88.88888888888889,
      "segment": "over_100M",
      "status": "trained",
      "season": "2020-2021",
      "segment_range": "\u2265\u20ac100M",
      "total_segment_samples": 53
    }
  }
}