{
  "train_rmse": 0.786643634667862,
  "val_rmse": 1.3761904272450118,
  "train_mae": 0.4434412863420666,
  "val_mae": 0.5321321328970136,
  "train_mape": 43.95743234895192,
  "val_mape": 48.482991347927516,
  "train_mdape": 30.403555432955425,
  "val_mdape": 35.64754128456116,
  "num_train_samples": 23742,
  "num_val_samples": 11423,
  "num_features": 66,
  "train_seasons": [
    "2002-2003",
    "2003-2004",
    "2004-2005",
    "2005-2006",
    "2006-2007",
    "2007-2008",
    "2008-2009",
    "2009-2010",
    "2010-2011"
  ],
  "val_seasons": [
    "2011-2012"
  ],
  "eval_season": "2011-2012",
  "eval_samples": 11423,
  "eval_rmse_M": 1.3761024334194163,
  "eval_mae_M": 0.5316364348499826,
  "eval_r2": 0.8637257269242271,
  "eval_mape": 48.43554457384717,
  "eval_mdape": 35.64754104614258,
  "eval_within_10pct": 15.185900531144375,
  "eval_within_25pct": 36.6368903911154,
  "eval_within_50pct": 64.84789956542733,
  "season": "2011-2012",
  "cutoff_date": "2011-07-01T00:00:00",
  "min_valuations": 5,
  "cutoff_months": 12,
  "full_dataset_size": 536494,
  "filtered_dataset_size": 35165
}