{
  "train_rmse": 0.7467831494330427,
  "val_rmse": 1.3913852871254473,
  "train_mae": 0.4485695053332465,
  "val_mae": 0.5837664014143167,
  "train_mape": 43.153690257369625,
  "val_mape": 58.98050102480503,
  "train_mdape": 29.00533676147461,
  "val_mdape": 38.67974532277961,
  "num_train_samples": 14591,
  "num_val_samples": 9151,
  "num_features": 66,
  "train_seasons": [
    "2002-2003",
    "2003-2004",
    "2004-2005",
    "2005-2006",
    "2006-2007",
    "2007-2008",
    "2008-2009",
    "2009-2010"
  ],
  "val_seasons": [
    "2010-2011"
  ],
  "eval_season": "2010-2011",
  "eval_samples": 9151,
  "eval_rmse_M": 1.3913549505857072,
  "eval_mae_M": 0.5833655327604185,
  "eval_r2": 0.8622088379156926,
  "eval_mape": 58.90127597618535,
  "eval_mdape": 38.67974853515625,
  "eval_within_10pct": 14.227334645073405,
  "eval_within_25pct": 33.66126835174815,
  "eval_within_50pct": 61.17753897381565,
  "season": "2010-2011",
  "cutoff_date": "2010-07-01T00:00:00",
  "min_valuations": 5,
  "cutoff_months": 12,
  "full_dataset_size": 536494,
  "filtered_dataset_size": 23742
}