{
  "season": "2012-2013",
  "weighted_average": {
    "total_eval_samples": 14012,
    "total_train_samples": 35164,
    "total_val_samples": 14012,
    "val_rmse": 0.8996731170551377,
    "val_mae": 0.5270771365980034,
    "val_mape": 50.34346565618169,
    "val_mdape": 36.25083632445297,
    "eval_rmse_M": 0.8996002056085329,
    "eval_mae_M": 0.5267223642897031,
    "eval_r2": 0.25819411027752853,
    "eval_mape": 50.3045430254915,
    "eval_mdape": 36.25083779594471,
    "eval_within_10pct": 14.529818616167208,
    "eval_within_25pct": 35.86699632030235,
    "eval_within_50pct": 64.3055703487501
  },
  "segments": {
    "under_1M": {
      "train_rmse": 0.3985495731039747,
      "val_rmse": 0.49220957728890463,
      "train_mae": 0.22634246211382875,
      "val_mae": 0.2333427918899561,
      "train_mape": 41.976958886651914,
      "val_mape": 50.659736836975554,
      "train_mdape": 31.76196813583374,
      "val_mdape": 37.21259832382202,
      "num_train_samples": 26223,
      "num_val_samples": 10883,
      "num_features": 66,
      "train_seasons": [
        "2002-2003",
        "2003-2004",
        "2004-2005",
        "2005-2006",
        "2006-2007",
        "2007-2008",
        "2008-2009",
        "2009-2010",
        "2010-2011",
        "2011-2012"
      ],
      "val_seasons": [
        "2012-2013"
      ],
      "eval_season": "2012-2013",
      "eval_samples": 10883,
      "eval_rmse_M": 0.492120606366163,
      "eval_mae_M": 0.2328980427116384,
      "eval_r2": 0.16841936563213622,
      "eval_mape": 50.611391106618534,
      "eval_mdape": 37.21260070800781,
      "eval_within_10pct": 13.99505885772417,
      "eval_within_25pct": 34.51533207382648,
      "eval_within_50pct": 62.985031245458515,
      "segment": "under_1M",
      "status": "trained",
      "season": "2012-2013",
      "segment_range": "\u20ac0M \u2013 \u20ac1M",
      "total_segment_samples": 37106
    },
    "1M_10M": {
      "train_rmse": 0.9906245531438057,
      "val_rmse": 1.8774254687925755,
      "train_mae": 0.6675409308010654,
      "val_mae": 1.1914945475506933,
      "train_mape": 29.093129015402052,
      "val_mape": 50.872375131126866,
      "train_mdape": 17.491986201359673,
      "val_mdape": 33.872270584106445,
      "num_train_samples": 8137,
      "num_val_samples": 2841,
      "num_features": 66,
      "train_seasons": [
        "2005-2006",
        "2006-2007",
        "2007-2008",
        "2008-2009",
        "2009-2010",
        "2010-2011",
        "2011-2012"
      ],
      "val_seasons": [
        "2012-2013"
      ],
      "eval_season": "2012-2013",
      "eval_samples": 2841,
      "eval_rmse_M": 1.877406683677818,
      "eval_mae_M": 1.1914484831210403,
      "eval_r2": 0.5592035335396204,
      "eval_mape": 50.86560403497816,
      "eval_mdape": 33.87226867675781,
      "eval_within_10pct": 16.04491126403477,
      "eval_within_25pct": 39.22491850778703,
      "eval_within_50pct": 67.29445852951828,
      "segment": "1M_10M",
      "status": "trained",
      "season": "2012-2013",
      "segment_range": "\u20ac1M \u2013 \u20ac10M",
      "total_segment_samples": 10978
    },
    "10M_100M": {
      "train_rmse": 0.8960196878859482,
      "val_rmse": 6.651865033686579,
      "train_mae": 0.394513279674065,
      "val_mae": 5.072566750976774,
      "train_mape": 2.2064978534876785,
      "val_mape": 33.174677187782954,
      "train_mdape": 1.0847625732421875,
      "val_mdape": 23.3711468424774,
      "num_train_samples": 804,
      "num_val_samples": 288,
      "num_features": 66,
      "train_seasons": [
        "2005-2006",
        "2006-2007",
        "2007-2008",
        "2008-2009",
        "2009-2010",
        "2010-2011",
        "2011-2012"
      ],
      "val_seasons": [
        "2012-2013"
      ],
      "eval_season": "2012-2013",
      "eval_samples": 288,
      "eval_rmse_M": 6.651865047135867,
      "eval_mae_M": 5.07256676753362,
      "eval_r2": 0.6812870772504513,
      "eval_mape": 33.17467498779297,
      "eval_mdape": 23.37114715576172,
      "eval_within_10pct": 19.791666666666664,
      "eval_within_25pct": 53.81944444444444,
      "eval_within_50pct": 84.72222222222221,
      "segment": "10M_100M",
      "status": "trained",
      "season": "2012-2013",
      "segment_range": "\u20ac10M \u2013 \u20ac100M",
      "total_segment_samples": 1092
    },
    "over_100M": {
      "segment": "over_100M",
      "status": "skipped",
      "reason": "insufficient samples (2)",
      "samples": 2
    }
  }
}