{
  "train_rmse": 1.0891724562674343,
  "val_rmse": 1.751564929691327,
  "train_mae": 0.357387492615352,
  "val_mae": 0.380905854135751,
  "train_mape": 42.368858809371396,
  "val_mape": 45.7996348831986,
  "train_mdape": 30.491176653992046,
  "val_mdape": 32.609522342681885,
  "num_train_samples": 417273,
  "num_val_samples": 60262,
  "num_features": 66,
  "train_seasons": [
    "2002-2003",
    "2003-2004",
    "2004-2005",
    "2005-2006",
    "2006-2007",
    "2007-2008",
    "2008-2009",
    "2009-2010",
    "2010-2011",
    "2011-2012",
    "2012-2013",
    "2013-2014",
    "2014-2015",
    "2015-2016",
    "2016-2017",
    "2017-2018",
    "2018-2019",
    "2019-2020",
    "2020-2021",
    "2021-2022",
    "2022-2023"
  ],
  "val_seasons": [
    "2023-2024"
  ],
  "eval_season": "2023-2024",
  "eval_samples": 60262,
  "eval_rmse_M": 1.751552954144191,
  "eval_mae_M": 0.3805693759264408,
  "eval_r2": 0.847992297462252,
  "eval_mape": 45.78929477775216,
  "eval_mdape": 32.60952377319336,
  "eval_within_10pct": 16.646898187736188,
  "eval_within_25pct": 40.04082420765178,
  "eval_within_50pct": 68.49640029790638,
  "season": "2023-2024",
  "cutoff_date": "2023-07-01T00:00:00",
  "min_valuations": 5,
  "cutoff_months": 12,
  "full_dataset_size": 536494,
  "filtered_dataset_size": 477535
}