{
  "season": "2021-2022",
  "weighted_average": {
    "total_eval_samples": 55419,
    "total_train_samples": 301287,
    "total_val_samples": 55419,
    "val_rmse": 0.7867644615184808,
    "val_mae": 0.40863675574832753,
    "val_mape": 54.82332796369225,
    "val_mdape": 33.25648374280467,
    "eval_rmse_M": 0.7867015589614786,
    "eval_mae_M": 0.4083947885074396,
    "eval_r2": 0.1495728003726234,
    "eval_mape": 54.80566697819504,
    "eval_mdape": 33.25648303157457,
    "eval_within_10pct": 16.889361611197486,
    "eval_within_25pct": 39.87470106581372,
    "eval_within_50pct": 66.87709229730812
  },
  "segments": {
    "under_1M": {
      "train_rmse": 0.41886140919077863,
      "val_rmse": 0.41938070295906593,
      "train_mae": 0.16551609482745502,
      "val_mae": 0.15468283442204053,
      "train_mape": 39.98899088838879,
      "val_mape": 52.78151097680654,
      "train_mdape": 29.36457246541977,
      "val_mdape": 32.23240772883098,
      "num_train_samples": 249078,
      "num_val_samples": 48814,
      "num_features": 66,
      "train_seasons": [
        "2002-2003",
        "2003-2004",
        "2004-2005",
        "2005-2006",
        "2006-2007",
        "2007-2008",
        "2008-2009",
        "2009-2010",
        "2010-2011",
        "2011-2012",
        "2012-2013",
        "2013-2014",
        "2014-2015",
        "2015-2016",
        "2016-2017",
        "2017-2018",
        "2018-2019",
        "2019-2020",
        "2020-2021"
      ],
      "val_seasons": [
        "2021-2022"
      ],
      "eval_season": "2021-2022",
      "eval_samples": 48814,
      "eval_rmse_M": 0.41931396412066463,
      "eval_mae_M": 0.15442199102192722,
      "eval_r2": 0.12413603139793461,
      "eval_mape": 52.76280734297545,
      "eval_mdape": 32.23240661621094,
      "eval_within_10pct": 17.190724353817636,
      "eval_within_25pct": 40.638662516176424,
      "eval_within_50pct": 68.15081669056696,
      "segment": "under_1M",
      "status": "trained",
      "season": "2021-2022",
      "segment_range": "\u20ac0M \u2013 \u20ac1M",
      "total_segment_samples": 297892
    },
    "1M_10M": {
      "train_rmse": 1.5674754851600652,
      "val_rmse": 2.4656841645034877,
      "train_mae": 0.9304153747739163,
      "val_mae": 1.4925776359410265,
      "train_mape": 42.11625382165272,
      "val_mape": 74.43736092823822,
      "train_mdape": 26.541368828879463,
      "val_mdape": 42.9123365216785,
      "num_train_samples": 46250,
      "num_val_samples": 5621,
      "num_features": 66,
      "train_seasons": [
        "2005-2006",
        "2006-2007",
        "2007-2008",
        "2008-2009",
        "2009-2010",
        "2010-2011",
        "2011-2012",
        "2012-2013",
        "2013-2014",
        "2014-2015",
        "2015-2016",
        "2016-2017",
        "2017-2018",
        "2018-2019",
        "2019-2020",
        "2020-2021"
      ],
      "val_seasons": [
        "2021-2022"
      ],
      "eval_season": "2021-2022",
      "eval_samples": 5621,
      "eval_rmse_M": 2.4656435609765928,
      "eval_mae_M": 1.4924572306640274,
      "eval_r2": 0.27894064424251297,
      "eval_mape": 74.42566255343255,
      "eval_mdape": 42.91233825683594,
      "eval_within_10pct": 13.48778735632184,
      "eval_within_25pct": 32.18390804597701,
      "eval_within_50pct": 55.22629310344828,
      "segment": "1M_10M",
      "status": "trained",
      "season": "2021-2022",
      "segment_range": "\u20ac1M \u2013 \u20ac10M",
      "total_segment_samples": 51871
    },
    "10M_100M": {
      "train_rmse": 3.064427295887858,
      "val_rmse": 9.318434774476268,
      "train_mae": 2.2327243139248885,
      "val_mae": 6.709095554175923,
      "train_mape": 14.826111610252996,
      "val_mape": 44.24305944648209,
      "train_mdape": 9.352833660025345,
      "val_mdape": 28.976446636139404,
      "num_train_samples": 5906,
      "num_val_samples": 976,
      "num_features": 66,
      "train_seasons": [
        "2005-2006",
        "2006-2007",
        "2007-2008",
        "2008-2009",
        "2009-2010",
        "2010-2011",
        "2011-2012",
        "2012-2013",
        "2013-2014",
        "2014-2015",
        "2015-2016",
        "2016-2017",
        "2017-2018",
        "2018-2019",
        "2019-2020",
        "2020-2021"
      ],
      "val_seasons": [
        "2021-2022"
      ],
      "eval_season": "2021-2022",
      "eval_samples": 976,
      "eval_rmse_M": 9.318434782957457,
      "eval_mae_M": 6.709095556618737,
      "eval_r2": 0.6733925417710511,
      "eval_mape": 44.24306106567383,
      "eval_mdape": 28.976451873779297,
      "eval_within_10pct": 21.443298969072163,
      "eval_within_25pct": 45.77319587628866,
      "eval_within_50pct": 70.10309278350515,
      "segment": "10M_100M",
      "status": "trained",
      "season": "2021-2022",
      "segment_range": "\u20ac10M \u2013 \u20ac100M",
      "total_segment_samples": 6882
    },
    "over_100M": {
      "train_rmse": 0.8890424135419054,
      "val_rmse": 21.95587876073777,
      "train_mae": 0.4147269051029997,
      "val_mae": 19.7120418548584,
      "train_mape": 0.3483718842985105,
      "val_mape": 22.962975079049357,
      "train_mdape": 0.05677032470703125,
      "val_mdape": 19.633270263671875,
      "num_train_samples": 53,
      "num_val_samples": 8,
      "num_features": 66,
      "train_seasons": [
        "2011-2012",
        "2012-2013",
        "2013-2014",
        "2014-2015",
        "2015-2016",
        "2016-2017",
        "2017-2018",
        "2018-2019",
        "2019-2020",
        "2020-2021"
      ],
      "val_seasons": [
        "2021-2022"
      ],
      "eval_season": "2021-2022",
      "eval_samples": 8,
      "eval_rmse_M": 21.955880885519075,
      "eval_mae_M": 19.712044715881348,
      "eval_r2": 0.5552881419908826,
      "eval_mape": 22.962976455688477,
      "eval_mdape": 19.63327407836914,
      "eval_within_10pct": 12.5,
      "eval_within_25pct": 62.5,
      "eval_within_50pct": 87.5,
      "segment": "over_100M",
      "status": "trained",
      "season": "2021-2022",
      "segment_range": "\u2265\u20ac100M",
      "total_segment_samples": 61
    }
  }
}