{
  "train_rmse": 0.689969811768801,
  "val_rmse": 1.5769573814284563,
  "train_mae": 0.4289521859043603,
  "val_mae": 0.7910709610000823,
  "train_mape": 40.48371194438379,
  "val_mape": 79.63101183736157,
  "train_mdape": 26.475577056407936,
  "val_mdape": 45.70036369949671,
  "num_train_samples": 8421,
  "num_val_samples": 6170,
  "num_features": 71,
  "train_seasons": [
    "2002-2003",
    "2003-2004",
    "2004-2005",
    "2005-2006",
    "2006-2007",
    "2007-2008",
    "2008-2009"
  ],
  "val_seasons": [
    "2009-2010"
  ],
  "eval_season": "2009-2010",
  "eval_samples": 6170,
  "eval_rmse_M": 1.5768892645238917,
  "eval_mae_M": 0.790693410373365,
  "eval_r2": 0.8453762462115112,
  "eval_mape": 79.5528238485581,
  "eval_mdape": 45.70036506652832,
  "eval_within_10pct": 12.589776087874945,
  "eval_within_25pct": 29.10857625686523,
  "eval_within_50pct": 53.548795944233206,
  "season": "2009-2010",
  "cutoff_date": "2009-07-01T00:00:00",
  "min_valuations": 5,
  "cutoff_months": 12,
  "full_dataset_size": 536494,
  "filtered_dataset_size": 14591
}