{
  "train_rmse": 0.6701951281613681,
  "val_rmse": 1.5558619460212564,
  "train_mae": 0.4173486271794052,
  "val_mae": 0.7580835115158477,
  "train_mape": 39.23091830590521,
  "val_mape": 74.0470177198849,
  "train_mdape": 25.51522254943847,
  "val_mdape": 44.00255845652686,
  "num_train_samples": 8421,
  "num_val_samples": 6170,
  "num_features": 64,
  "train_seasons": [
    "2002-2003",
    "2003-2004",
    "2004-2005",
    "2005-2006",
    "2006-2007",
    "2007-2008",
    "2008-2009"
  ],
  "val_seasons": [
    "2009-2010"
  ],
  "eval_season": "2009-2010",
  "eval_samples": 6170,
  "eval_rmse_M": 1.555702271602664,
  "eval_mae_M": 0.7569836028309331,
  "eval_r2": 0.8495033644484121,
  "eval_mape": 73.72128672233929,
  "eval_mdape": 44.002559661865234,
  "eval_within_10pct": 12.505280946345584,
  "eval_within_25pct": 30.270384452893957,
  "eval_within_50pct": 54.85847063793832,
  "season": "2009-2010",
  "cutoff_date": "2009-07-01T00:00:00",
  "min_valuations": 5,
  "cutoff_months": 12,
  "full_dataset_size": 536494,
  "filtered_dataset_size": 14591
}