{
  "season": "2018-2019",
  "weighted_average": {
    "total_eval_samples": 38138,
    "total_train_samples": 170552,
    "total_val_samples": 38138,
    "val_rmse": 1.2574023328566604,
    "val_mae": 0.5596635006952603,
    "val_mape": 47.79765736679067,
    "val_mdape": 32.84381325581678,
    "eval_rmse_M": 1.2573649950635137,
    "eval_mae_M": 0.5594087382561795,
    "eval_r2": 0.22993782578800115,
    "eval_mape": 47.764666158627364,
    "eval_mdape": 32.843813169458265,
    "eval_within_10pct": 15.916955459926927,
    "eval_within_25pct": 39.34382556441697,
    "eval_within_50pct": 68.59577610307367
  },
  "segments": {
    "under_1M": {
      "train_rmse": 0.3935759394704715,
      "val_rmse": 0.6351969083487312,
      "train_mae": 0.18122303672720075,
      "val_mae": 0.18652983408593246,
      "train_mape": 40.5661375873453,
      "val_mape": 46.20113667571075,
      "train_mdape": 30.098026990890503,
      "val_mdape": 32.34732449054718,
      "num_train_samples": 136035,
      "num_val_samples": 32382,
      "num_features": 66,
      "train_seasons": [
        "2002-2003",
        "2003-2004",
        "2004-2005",
        "2005-2006",
        "2006-2007",
        "2007-2008",
        "2008-2009",
        "2009-2010",
        "2010-2011",
        "2011-2012",
        "2012-2013",
        "2013-2014",
        "2014-2015",
        "2015-2016",
        "2016-2017",
        "2017-2018"
      ],
      "val_seasons": [
        "2018-2019"
      ],
      "eval_season": "2018-2019",
      "eval_samples": 32382,
      "eval_rmse_M": 0.6351529329964314,
      "eval_mae_M": 0.1862297863039421,
      "eval_r2": 0.2026526292281985,
      "eval_mape": 46.162281594832905,
      "eval_mdape": 32.34732437133789,
      "eval_within_10pct": 16.04006586169045,
      "eval_within_25pct": 39.85547017929016,
      "eval_within_50pct": 69.42005122575924,
      "segment": "under_1M",
      "status": "trained",
      "season": "2018-2019",
      "segment_range": "\u20ac0M \u2013 \u20ac1M",
      "total_segment_samples": 168417
    },
    "1M_10M": {
      "train_rmse": 1.3181672334338912,
      "val_rmse": 3.254784567724881,
      "train_mae": 0.8348374144194037,
      "val_mae": 1.5330523136250396,
      "train_mape": 38.781974632252734,
      "val_mape": 58.4573271570458,
      "train_mdape": 24.22787206513541,
      "val_mdape": 36.1179272333781,
      "num_train_samples": 31181,
      "num_val_samples": 5011,
      "num_features": 66,
      "train_seasons": [
        "2005-2006",
        "2006-2007",
        "2007-2008",
        "2008-2009",
        "2009-2010",
        "2010-2011",
        "2011-2012",
        "2012-2013",
        "2013-2014",
        "2014-2015",
        "2015-2016",
        "2016-2017",
        "2017-2018"
      ],
      "val_seasons": [
        "2018-2019"
      ],
      "eval_season": "2018-2019",
      "eval_samples": 5011,
      "eval_rmse_M": 3.254784569651834,
      "eval_mae_M": 1.53305231471341,
      "eval_r2": 0.3758308430655618,
      "eval_mape": 58.45732498168945,
      "eval_mdape": 36.11792755126953,
      "eval_within_10pct": 15.069880494227265,
      "eval_within_25pct": 35.87198703666194,
      "eval_within_50pct": 63.19627304030788,
      "segment": "1M_10M",
      "status": "trained",
      "season": "2018-2019",
      "segment_range": "\u20ac1M \u2013 \u20ac10M",
      "total_segment_samples": 36192
    },
    "10M_100M": {
      "train_rmse": 1.917211814427103,
      "val_rmse": 14.867299886536001,
      "train_mae": 1.348773393799647,
      "val_mae": 10.231023300094092,
      "train_mape": 9.216811665704142,
      "val_mape": 45.49286233267208,
      "train_mdape": 5.549231442538175,
      "val_mdape": 32.401818699306915,
      "num_train_samples": 3336,
      "num_val_samples": 745,
      "num_features": 66,
      "train_seasons": [
        "2005-2006",
        "2006-2007",
        "2007-2008",
        "2008-2009",
        "2009-2010",
        "2010-2011",
        "2011-2012",
        "2012-2013",
        "2013-2014",
        "2014-2015",
        "2015-2016",
        "2016-2017",
        "2017-2018"
      ],
      "val_seasons": [
        "2018-2019"
      ],
      "eval_season": "2018-2019",
      "eval_samples": 745,
      "eval_rmse_M": 14.86729990190134,
      "eval_mae_M": 10.231023316095339,
      "eval_r2": 0.4346080612533332,
      "eval_mape": 45.49285888671875,
      "eval_mdape": 32.401817321777344,
      "eval_within_10pct": 16.263440860215052,
      "eval_within_25pct": 40.456989247311824,
      "eval_within_50pct": 69.08602150537635,
      "segment": "10M_100M",
      "status": "trained",
      "season": "2018-2019",
      "segment_range": "\u20ac10M \u2013 \u20ac100M",
      "total_segment_samples": 4081
    },
    "over_100M": {
      "segment": "over_100M",
      "status": "skipped",
      "reason": "insufficient samples (26)",
      "samples": 26
    }
  }
}