{
  "train_rmse": 0.7871287407141376,
  "val_rmse": 1.3434253807702152,
  "train_mae": 0.44341798286354234,
  "val_mae": 0.5366728585461011,
  "train_mape": 43.84366854519254,
  "val_mape": 49.54988708468997,
  "train_mdape": 30.51477280401048,
  "val_mdape": 35.97942094008128,
  "num_train_samples": 23742,
  "num_val_samples": 11423,
  "num_features": 64,
  "train_seasons": [
    "2002-2003",
    "2003-2004",
    "2004-2005",
    "2005-2006",
    "2006-2007",
    "2007-2008",
    "2008-2009",
    "2009-2010",
    "2010-2011"
  ],
  "val_seasons": [
    "2011-2012"
  ],
  "eval_season": "2011-2012",
  "eval_samples": 11423,
  "eval_rmse_M": 1.3433822292319781,
  "eval_mae_M": 0.5364471737231394,
  "eval_r2": 0.8701291908522594,
  "eval_mape": 49.525739348269006,
  "eval_mdape": 35.979421615600586,
  "eval_within_10pct": 14.208112023177208,
  "eval_within_25pct": 35.960888459681314,
  "eval_within_50pct": 65.01690004828585,
  "season": "2011-2012",
  "cutoff_date": "2011-07-01T00:00:00",
  "min_valuations": 5,
  "cutoff_months": 12,
  "full_dataset_size": 536494,
  "filtered_dataset_size": 35165
}