{
  "train_rmse": 0.3599665896095789,
  "val_rmse": 2.0183065251765857,
  "train_mae": 0.23362269205988473,
  "val_mae": 1.0792678003250327,
  "train_mape": 23.291122969129884,
  "val_mape": 85.35346889311785,
  "train_mdape": 12.916549046834314,
  "val_mdape": 51.078318751029414,
  "num_train_samples": 2325,
  "num_val_samples": 2050,
  "num_features": 66,
  "train_seasons": [
    "2002-2003",
    "2003-2004",
    "2004-2005",
    "2005-2006",
    "2006-2007"
  ],
  "val_seasons": [
    "2007-2008"
  ],
  "eval_season": "2007-2008",
  "eval_samples": 2050,
  "eval_rmse_M": 2.0176709908227557,
  "eval_mae_M": 1.074841402862906,
  "eval_r2": 0.7980201701038843,
  "eval_mape": 84.73637069416402,
  "eval_mdape": 51.078317642211914,
  "eval_within_10pct": 12.015503875968992,
  "eval_within_25pct": 27.002583979328165,
  "eval_within_50pct": 49.224806201550386,
  "season": "2007-2008",
  "cutoff_date": "2007-07-01T00:00:00",
  "min_valuations": 5,
  "cutoff_months": 12,
  "full_dataset_size": 536494,
  "filtered_dataset_size": 4375
}