{
  "train_rmse": 0.5625288330836902,
  "val_rmse": 1.7898447218203268,
  "train_mae": 0.3542925300487003,
  "val_mae": 0.9873552021552274,
  "train_mape": 32.49076031771042,
  "val_mape": 96.02341577519992,
  "train_mdape": 20.419281721115112,
  "val_mdape": 54.25354517423189,
  "num_train_samples": 4375,
  "num_val_samples": 4046,
  "num_features": 66,
  "train_seasons": [
    "2002-2003",
    "2003-2004",
    "2004-2005",
    "2005-2006",
    "2006-2007",
    "2007-2008"
  ],
  "val_seasons": [
    "2008-2009"
  ],
  "eval_season": "2008-2009",
  "eval_samples": 4046,
  "eval_rmse_M": 1.788850722068461,
  "eval_mae_M": 0.9817347879455763,
  "eval_r2": 0.806938807587144,
  "eval_mape": 95.24727445892759,
  "eval_mdape": 54.2535457611084,
  "eval_within_10pct": 10.335018963337546,
  "eval_within_25pct": 24.652338811630848,
  "eval_within_50pct": 46.80783817951959,
  "season": "2008-2009",
  "cutoff_date": "2008-07-01T00:00:00",
  "min_valuations": 5,
  "cutoff_months": 12,
  "full_dataset_size": 536494,
  "filtered_dataset_size": 8421
}