{
  "train_rmse": 0.9547606908653334,
  "val_rmse": 2.464471615130795,
  "train_mae": 0.3951063720700446,
  "val_mae": 0.5529109684229081,
  "train_mape": 42.769387894706924,
  "val_mape": 45.81836676918362,
  "train_mdape": 30.41455547014872,
  "val_mdape": 31.35900298754374,
  "num_train_samples": 170566,
  "num_val_samples": 38150,
  "num_features": 64,
  "train_seasons": [
    "2002-2003",
    "2003-2004",
    "2004-2005",
    "2005-2006",
    "2006-2007",
    "2007-2008",
    "2008-2009",
    "2009-2010",
    "2010-2011",
    "2011-2012",
    "2012-2013",
    "2013-2014",
    "2014-2015",
    "2015-2016",
    "2016-2017",
    "2017-2018"
  ],
  "val_seasons": [
    "2018-2019"
  ],
  "eval_season": "2018-2019",
  "eval_samples": 38150,
  "eval_rmse_M": 2.464464093183788,
  "eval_mae_M": 0.5528497326107016,
  "eval_r2": 0.7948973635174547,
  "eval_mape": 45.7934926357295,
  "eval_mdape": 31.359004974365234,
  "eval_within_10pct": 17.353122618572414,
  "eval_within_25pct": 40.93333817178938,
  "eval_within_50pct": 69.86609572885293,
  "season": "2018-2019",
  "cutoff_date": "2018-07-01T00:00:00",
  "min_valuations": 5,
  "cutoff_months": 12,
  "full_dataset_size": 536494,
  "filtered_dataset_size": 208716
}