{
  "train_rmse": 0.7898697972176537,
  "val_rmse": 1.383492654723781,
  "train_mae": 0.4327233775944815,
  "val_mae": 0.5289414145858738,
  "train_mape": 44.22099008059381,
  "val_mape": 50.01496056080717,
  "train_mdape": 30.936934417035406,
  "val_mdape": 35.350684324900314,
  "num_train_samples": 35165,
  "num_val_samples": 14013,
  "num_features": 71,
  "train_seasons": [
    "2002-2003",
    "2003-2004",
    "2004-2005",
    "2005-2006",
    "2006-2007",
    "2007-2008",
    "2008-2009",
    "2009-2010",
    "2010-2011",
    "2011-2012"
  ],
  "val_seasons": [
    "2012-2013"
  ],
  "eval_season": "2012-2013",
  "eval_samples": 14013,
  "eval_rmse_M": 1.3834748210215722,
  "eval_mae_M": 0.528747837931424,
  "eval_r2": 0.8635450549968923,
  "eval_mape": 49.99400294638311,
  "eval_mdape": 35.350685119628906,
  "eval_within_10pct": 15.74866579397845,
  "eval_within_25pct": 37.297351726915714,
  "eval_within_50pct": 65.57244990433995,
  "season": "2012-2013",
  "cutoff_date": "2012-07-01T00:00:00",
  "min_valuations": 5,
  "cutoff_months": 12,
  "full_dataset_size": 536494,
  "filtered_dataset_size": 49178
}