{
  "train_rmse": 1.0880706162891685,
  "val_rmse": 1.7527870816749072,
  "train_mae": 0.357376416732404,
  "val_mae": 0.3826835744935904,
  "train_mape": 42.547977791506064,
  "val_mape": 45.6237507324816,
  "train_mdape": 30.733670638157772,
  "val_mdape": 32.47263431549072,
  "num_train_samples": 417273,
  "num_val_samples": 60262,
  "num_features": 66,
  "train_seasons": [
    "2002-2003",
    "2003-2004",
    "2004-2005",
    "2005-2006",
    "2006-2007",
    "2007-2008",
    "2008-2009",
    "2009-2010",
    "2010-2011",
    "2011-2012",
    "2012-2013",
    "2013-2014",
    "2014-2015",
    "2015-2016",
    "2016-2017",
    "2017-2018",
    "2018-2019",
    "2019-2020",
    "2020-2021",
    "2021-2022",
    "2022-2023"
  ],
  "val_seasons": [
    "2023-2024"
  ],
  "eval_season": "2023-2024",
  "eval_samples": 60262,
  "eval_rmse_M": 1.7527635531170618,
  "eval_mae_M": 0.38249640677701074,
  "eval_r2": 0.8477821023189598,
  "eval_mape": 45.61577513780463,
  "eval_mdape": 32.47263717651367,
  "eval_within_10pct": 16.25796485808071,
  "eval_within_25pct": 40.08220009378534,
  "eval_within_50pct": 68.76120596916118,
  "season": "2023-2024",
  "cutoff_date": "2023-07-01T00:00:00",
  "min_valuations": 5,
  "cutoff_months": 12,
  "full_dataset_size": 536494,
  "filtered_dataset_size": 477535
}