{
  "train_rmse": 1.093771990926789,
  "val_rmse": 1.7475183591451007,
  "train_mae": 0.35773054048355024,
  "val_mae": 0.3782318295022576,
  "train_mape": 42.33370140879234,
  "val_mape": 44.59768763413261,
  "train_mdape": 30.522042087146218,
  "val_mdape": 32.572288172585615,
  "num_train_samples": 417273,
  "num_val_samples": 60262,
  "num_features": 64,
  "train_seasons": [
    "2002-2003",
    "2003-2004",
    "2004-2005",
    "2005-2006",
    "2006-2007",
    "2007-2008",
    "2008-2009",
    "2009-2010",
    "2010-2011",
    "2011-2012",
    "2012-2013",
    "2013-2014",
    "2014-2015",
    "2015-2016",
    "2016-2017",
    "2017-2018",
    "2018-2019",
    "2019-2020",
    "2020-2021",
    "2021-2022",
    "2022-2023"
  ],
  "val_seasons": [
    "2023-2024"
  ],
  "eval_season": "2023-2024",
  "eval_samples": 60262,
  "eval_rmse_M": 1.747507048428649,
  "eval_mae_M": 0.377860912380958,
  "eval_r2": 0.8486937304708657,
  "eval_mape": 44.585673558059554,
  "eval_mdape": 32.572288513183594,
  "eval_within_10pct": 16.464844288748516,
  "eval_within_25pct": 39.82842799216616,
  "eval_within_50pct": 68.61225277908035,
  "season": "2023-2024",
  "cutoff_date": "2023-07-01T00:00:00",
  "min_valuations": 5,
  "cutoff_months": 12,
  "full_dataset_size": 536494,
  "filtered_dataset_size": 477535
}