{
  "train_rmse": 0.8051246422419466,
  "val_rmse": 1.1040403737717126,
  "train_mae": 0.42397717197361173,
  "val_mae": 0.417927997460148,
  "train_mape": 44.02063231678061,
  "val_mape": 46.66466480582079,
  "train_mdape": 31.403309106826782,
  "val_mdape": 32.53078078612303,
  "num_train_samples": 49178,
  "num_val_samples": 16928,
  "num_features": 66,
  "train_seasons": [
    "2002-2003",
    "2003-2004",
    "2004-2005",
    "2005-2006",
    "2006-2007",
    "2007-2008",
    "2008-2009",
    "2009-2010",
    "2010-2011",
    "2011-2012",
    "2012-2013"
  ],
  "val_seasons": [
    "2013-2014"
  ],
  "eval_season": "2013-2014",
  "eval_samples": 16928,
  "eval_rmse_M": 1.1039563290900258,
  "eval_mae_M": 0.417338476481627,
  "eval_r2": 0.9073099876683038,
  "eval_mape": 46.563860239185644,
  "eval_mdape": 32.53078269958496,
  "eval_within_10pct": 16.444369407394902,
  "eval_within_25pct": 39.929089988181666,
  "eval_within_50pct": 68.43660307276718,
  "season": "2013-2014",
  "cutoff_date": "2013-07-01T00:00:00",
  "min_valuations": 5,
  "cutoff_months": 12,
  "full_dataset_size": 536494,
  "filtered_dataset_size": 66106
}