{
  "train_rmse": 0.7984142133096459,
  "val_rmse": 1.4990715822815486,
  "train_mae": 0.40425861388677714,
  "val_mae": 0.48424426435495116,
  "train_mape": 42.94075547041915,
  "val_mape": 44.93946415794208,
  "train_mdape": 30.625522136688232,
  "val_mdape": 33.7465355793635,
  "num_train_samples": 66106,
  "num_val_samples": 19904,
  "num_features": 64,
  "train_seasons": [
    "2002-2003",
    "2003-2004",
    "2004-2005",
    "2005-2006",
    "2006-2007",
    "2007-2008",
    "2008-2009",
    "2009-2010",
    "2010-2011",
    "2011-2012",
    "2012-2013",
    "2013-2014"
  ],
  "val_seasons": [
    "2014-2015"
  ],
  "eval_season": "2014-2015",
  "eval_samples": 19904,
  "eval_rmse_M": 1.4990462513270733,
  "eval_mae_M": 0.4839665763426839,
  "eval_r2": 0.8349134372852572,
  "eval_mape": 44.90505989307275,
  "eval_mdape": 33.746538162231445,
  "eval_within_10pct": 15.925725128761181,
  "eval_within_25pct": 38.60124695039306,
  "eval_within_50pct": 67.8232583355923,
  "season": "2014-2015",
  "cutoff_date": "2014-07-01T00:00:00",
  "min_valuations": 5,
  "cutoff_months": 12,
  "full_dataset_size": 536494,
  "filtered_dataset_size": 86010
}