{
  "train_rmse": 1.068033591228143,
  "val_rmse": 1.5603476656237487,
  "train_mae": 0.3773866760391943,
  "val_mae": 0.39593879516969654,
  "train_mape": 42.81805186337497,
  "val_mape": 52.27787289145412,
  "train_mdape": 30.62551816304525,
  "val_mdape": 33.86715253194173,
  "num_train_samples": 301287,
  "num_val_samples": 55419,
  "num_features": 66,
  "train_seasons": [
    "2002-2003",
    "2003-2004",
    "2004-2005",
    "2005-2006",
    "2006-2007",
    "2007-2008",
    "2008-2009",
    "2009-2010",
    "2010-2011",
    "2011-2012",
    "2012-2013",
    "2013-2014",
    "2014-2015",
    "2015-2016",
    "2016-2017",
    "2017-2018",
    "2018-2019",
    "2019-2020",
    "2020-2021"
  ],
  "val_seasons": [
    "2021-2022"
  ],
  "eval_season": "2021-2022",
  "eval_samples": 55419,
  "eval_rmse_M": 1.5603339365024393,
  "eval_mae_M": 0.3957712835499079,
  "eval_r2": 0.8426610609374688,
  "eval_mape": 52.260330805080116,
  "eval_mdape": 33.86715316772461,
  "eval_within_10pct": 16.50397017389077,
  "eval_within_25pct": 38.9646241853317,
  "eval_within_50pct": 66.11549079318098,
  "season": "2021-2022",
  "cutoff_date": "2021-07-01T00:00:00",
  "min_valuations": 5,
  "cutoff_months": 12,
  "full_dataset_size": 536494,
  "filtered_dataset_size": 356706
}