{
  "season": "2014-2015",
  "weighted_average": {
    "total_eval_samples": 19902,
    "total_train_samples": 66102,
    "total_val_samples": 19902,
    "val_rmse": 0.9494482393685817,
    "val_mae": 0.4807576294606317,
    "val_mape": 45.40051805590889,
    "val_mdape": 34.04355855551669,
    "eval_rmse_M": 0.9493815558886894,
    "eval_mae_M": 0.48045033867888215,
    "eval_r2": 0.2696157708513776,
    "eval_mape": 45.36388133953551,
    "eval_mdape": 34.04355839367141,
    "eval_within_10pct": 15.671486203290538,
    "eval_within_25pct": 37.94243478841841,
    "eval_within_50pct": 66.93344374501548
  },
  "segments": {
    "under_1M": {
      "train_rmse": 0.38090405364956975,
      "val_rmse": 0.5353175805465217,
      "train_mae": 0.20415702669160304,
      "val_mae": 0.2060672817098078,
      "train_mape": 41.1119851191858,
      "val_mape": 45.18312292769397,
      "train_mdape": 31.34266287088394,
      "val_mdape": 34.80682373046876,
      "num_train_samples": 50459,
      "num_val_samples": 15929,
      "num_features": 66,
      "train_seasons": [
        "2002-2003",
        "2003-2004",
        "2004-2005",
        "2005-2006",
        "2006-2007",
        "2007-2008",
        "2008-2009",
        "2009-2010",
        "2010-2011",
        "2011-2012",
        "2012-2013",
        "2013-2014"
      ],
      "val_seasons": [
        "2014-2015"
      ],
      "eval_season": "2014-2015",
      "eval_samples": 15929,
      "eval_rmse_M": 0.5352342643836715,
      "eval_mae_M": 0.20568334643746944,
      "eval_r2": 0.21363921291908305,
      "eval_mape": 45.13734771286351,
      "eval_mdape": 34.80682373046875,
      "eval_within_10pct": 15.115529779987114,
      "eval_within_25pct": 37.0707907576176,
      "eval_within_50pct": 66.04068857589984,
      "segment": "under_1M",
      "status": "trained",
      "season": "2014-2015",
      "segment_range": "\u20ac0M \u2013 \u20ac1M",
      "total_segment_samples": 66388
    },
    "1M_10M": {
      "train_rmse": 1.0651429964361885,
      "val_rmse": 2.0389029524467768,
      "train_mae": 0.7101990254346209,
      "val_mae": 1.1374956791679116,
      "train_mape": 32.09894490610895,
      "val_mape": 46.857411461121664,
      "train_mdape": 19.640029393709618,
      "val_mdape": 31.535938807896212,
      "num_train_samples": 14178,
      "num_val_samples": 3579,
      "num_features": 66,
      "train_seasons": [
        "2005-2006",
        "2006-2007",
        "2007-2008",
        "2008-2009",
        "2009-2010",
        "2010-2011",
        "2011-2012",
        "2012-2013",
        "2013-2014"
      ],
      "val_seasons": [
        "2014-2015"
      ],
      "eval_season": "2014-2015",
      "eval_samples": 3579,
      "eval_rmse_M": 2.0389029553522002,
      "eval_mae_M": 1.137495680633463,
      "eval_r2": 0.47715174475143174,
      "eval_mape": 46.85741424560547,
      "eval_mdape": 31.535938262939453,
      "eval_within_10pct": 17.300543322848156,
      "eval_within_25pct": 40.6062339147841,
      "eval_within_50pct": 70.08864741206749,
      "segment": "1M_10M",
      "status": "trained",
      "season": "2014-2015",
      "segment_range": "\u20ac1M \u2013 \u20ac10M",
      "total_segment_samples": 17757
    },
    "10M_100M": {
      "train_rmse": 0.9743040922978181,
      "val_rmse": 7.7959681537587615,
      "train_mae": 0.5579173489723597,
      "val_mae": 5.620547145756368,
      "train_mape": 3.495223387214519,
      "val_mape": 40.95550663478921,
      "train_mdape": 2.007096078660753,
      "val_mdape": 25.96416795887233,
      "num_train_samples": 1465,
      "num_val_samples": 394,
      "num_features": 66,
      "train_seasons": [
        "2005-2006",
        "2006-2007",
        "2007-2008",
        "2008-2009",
        "2009-2010",
        "2010-2011",
        "2011-2012",
        "2012-2013",
        "2013-2014"
      ],
      "val_seasons": [
        "2014-2015"
      ],
      "eval_season": "2014-2015",
      "eval_samples": 394,
      "eval_rmse_M": 7.79596814904485,
      "eval_mae_M": 5.620547142125628,
      "eval_r2": 0.6474821178443366,
      "eval_mape": 40.95550537109375,
      "eval_mdape": 25.96416473388672,
      "eval_within_10pct": 23.3502538071066,
      "eval_within_25pct": 48.984771573604064,
      "eval_within_50pct": 74.36548223350253,
      "segment": "10M_100M",
      "status": "trained",
      "season": "2014-2015",
      "segment_range": "\u20ac10M \u2013 \u20ac100M",
      "total_segment_samples": 1859
    },
    "over_100M": {
      "segment": "over_100M",
      "status": "skipped",
      "reason": "insufficient samples (6)",
      "samples": 6
    }
  }
}