{
  "train_rmse": 1.0557577239643396,
  "val_rmse": 1.8929433561470626,
  "train_mae": 0.3830908937063006,
  "val_mae": 0.41620638566043267,
  "train_mape": 42.13461580425861,
  "val_mape": 38.67358510516889,
  "train_mdape": 30.104289736066548,
  "val_mdape": 32.590505811903206,
  "num_train_samples": 253237,
  "num_val_samples": 48050,
  "num_features": 64,
  "train_seasons": [
    "2002-2003",
    "2003-2004",
    "2004-2005",
    "2005-2006",
    "2006-2007",
    "2007-2008",
    "2008-2009",
    "2009-2010",
    "2010-2011",
    "2011-2012",
    "2012-2013",
    "2013-2014",
    "2014-2015",
    "2015-2016",
    "2016-2017",
    "2017-2018",
    "2018-2019",
    "2019-2020"
  ],
  "val_seasons": [
    "2020-2021"
  ],
  "eval_season": "2020-2021",
  "eval_samples": 48050,
  "eval_rmse_M": 1.892926956873984,
  "eval_mae_M": 0.4159390513087199,
  "eval_r2": 0.8076302645512288,
  "eval_mape": 38.63672038654484,
  "eval_mdape": 32.59049987792969,
  "eval_within_10pct": 15.433708692583842,
  "eval_within_25pct": 38.26516522966463,
  "eval_within_50pct": 72.88515234267129,
  "season": "2020-2021",
  "cutoff_date": "2020-07-01T00:00:00",
  "min_valuations": 5,
  "cutoff_months": 12,
  "full_dataset_size": 536494,
  "filtered_dataset_size": 301287
}