{
  "train_rmse": 0.7764410358946745,
  "val_rmse": 1.4108554295252551,
  "train_mae": 0.4619649699544534,
  "val_mae": 0.5886326673341802,
  "train_mape": 43.90937953727387,
  "val_mape": 60.16635707640435,
  "train_mdape": 29.742757479349773,
  "val_mdape": 39.33945894241333,
  "num_train_samples": 14591,
  "num_val_samples": 9151,
  "num_features": 64,
  "train_seasons": [
    "2002-2003",
    "2003-2004",
    "2004-2005",
    "2005-2006",
    "2006-2007",
    "2007-2008",
    "2008-2009",
    "2009-2010"
  ],
  "val_seasons": [
    "2010-2011"
  ],
  "eval_season": "2010-2011",
  "eval_samples": 9151,
  "eval_rmse_M": 1.4108237008114042,
  "eval_mae_M": 0.5881356265541255,
  "eval_r2": 0.8583257307081573,
  "eval_mape": 60.095250203207094,
  "eval_mdape": 39.33945846557617,
  "eval_within_10pct": 14.348418344180413,
  "eval_within_25pct": 33.73694566369003,
  "eval_within_50pct": 59.951566520357204,
  "season": "2010-2011",
  "cutoff_date": "2010-07-01T00:00:00",
  "min_valuations": 5,
  "cutoff_months": 12,
  "full_dataset_size": 536494,
  "filtered_dataset_size": 23742
}