{
  "train_rmse": 0.6022337623250443,
  "val_rmse": 1.781798296740584,
  "train_mae": 0.3739227219829655,
  "val_mae": 0.979053364811473,
  "train_mape": 33.891674768918605,
  "val_mape": 93.06886553248093,
  "train_mdape": 21.08429968357086,
  "val_mdape": 50.04757642745972,
  "num_train_samples": 4375,
  "num_val_samples": 4046,
  "num_features": 64,
  "train_seasons": [
    "2002-2003",
    "2003-2004",
    "2004-2005",
    "2005-2006",
    "2006-2007",
    "2007-2008"
  ],
  "val_seasons": [
    "2008-2009"
  ],
  "eval_season": "2008-2009",
  "eval_samples": 4046,
  "eval_rmse_M": 1.7813424580297237,
  "eval_mae_M": 0.9756586614123886,
  "eval_r2": 0.808556060849378,
  "eval_mape": 92.39735753430443,
  "eval_mdape": 50.047576904296875,
  "eval_within_10pct": 10.208596713021493,
  "eval_within_25pct": 26.1378002528445,
  "eval_within_50pct": 49.93678887484197,
  "season": "2008-2009",
  "cutoff_date": "2008-07-01T00:00:00",
  "min_valuations": 5,
  "cutoff_months": 12,
  "full_dataset_size": 536494,
  "filtered_dataset_size": 8421
}