{
  "train_rmse": 1.0835219961094504,
  "val_rmse": 1.5308851261400378,
  "train_mae": 0.37990444750176877,
  "val_mae": 0.39648440914831373,
  "train_mape": 42.60217696546319,
  "val_mape": 52.42496262923907,
  "train_mdape": 30.56590822007921,
  "val_mdape": 33.98974835872651,
  "num_train_samples": 301287,
  "num_val_samples": 55419,
  "num_features": 71,
  "train_seasons": [
    "2002-2003",
    "2003-2004",
    "2004-2005",
    "2005-2006",
    "2006-2007",
    "2007-2008",
    "2008-2009",
    "2009-2010",
    "2010-2011",
    "2011-2012",
    "2012-2013",
    "2013-2014",
    "2014-2015",
    "2015-2016",
    "2016-2017",
    "2017-2018",
    "2018-2019",
    "2019-2020",
    "2020-2021"
  ],
  "val_seasons": [
    "2021-2022"
  ],
  "eval_season": "2021-2022",
  "eval_samples": 55419,
  "eval_rmse_M": 1.5307825454594552,
  "eval_mae_M": 0.39497126651129333,
  "eval_r2": 0.8485643548780474,
  "eval_mape": 52.30649634825489,
  "eval_mdape": 33.989749908447266,
  "eval_within_10pct": 16.375900048382046,
  "eval_within_25pct": 38.5690297976492,
  "eval_within_50pct": 66.25779093263512,
  "season": "2021-2022",
  "cutoff_date": "2021-07-01T00:00:00",
  "min_valuations": 5,
  "cutoff_months": 12,
  "full_dataset_size": 536494,
  "filtered_dataset_size": 356706
}