{
  "season": "2016-2017",
  "weighted_average": {
    "total_eval_samples": 27965,
    "total_train_samples": 109493,
    "total_val_samples": 27965,
    "val_rmse": 0.8275499391472032,
    "val_mae": 0.3944359209703529,
    "val_mape": 43.222949403602115,
    "val_mdape": 30.213459440568997,
    "eval_rmse_M": 0.8275154564775661,
    "eval_mae_M": 0.39426217472605524,
    "eval_r2": 0.26681654928854154,
    "eval_mape": 43.209236547510656,
    "eval_mdape": 30.213460290289174,
    "eval_within_10pct": 18.006627123922275,
    "eval_within_25pct": 43.01779608247523,
    "eval_within_50pct": 71.18165839736186
  },
  "segments": {
    "under_1M": {
      "train_rmse": 0.37970764570012094,
      "val_rmse": 0.4741736795912323,
      "train_mae": 0.19329846591913394,
      "val_mae": 0.16860433339218653,
      "train_mape": 40.6637727436583,
      "val_mape": 42.623807757043224,
      "train_mdape": 30.847260355949395,
      "val_mdape": 30.457900961240135,
      "num_train_samples": 85267,
      "num_val_samples": 22985,
      "num_features": 66,
      "train_seasons": [
        "2002-2003",
        "2003-2004",
        "2004-2005",
        "2005-2006",
        "2006-2007",
        "2007-2008",
        "2008-2009",
        "2009-2010",
        "2010-2011",
        "2011-2012",
        "2012-2013",
        "2013-2014",
        "2014-2015",
        "2015-2016"
      ],
      "val_seasons": [
        "2016-2017"
      ],
      "eval_season": "2016-2017",
      "eval_samples": 22985,
      "eval_rmse_M": 0.47413172438292567,
      "eval_mae_M": 0.16839294219030695,
      "eval_r2": 0.20440293227442474,
      "eval_mape": 42.60712412988802,
      "eval_mdape": 30.45790195465088,
      "eval_within_10pct": 17.780564263322884,
      "eval_within_25pct": 42.62068965517241,
      "eval_within_50pct": 71.12852664576802,
      "segment": "under_1M",
      "status": "trained",
      "season": "2016-2017",
      "segment_range": "\u20ac0M \u2013 \u20ac1M",
      "total_segment_samples": 108252
    },
    "1M_10M": {
      "train_rmse": 1.1603984520596733,
      "val_rmse": 2.0124021054270105,
      "train_mae": 0.7632003726376313,
      "val_mae": 1.0700559837572259,
      "train_mape": 35.12882601768676,
      "val_mape": 47.75109636597473,
      "train_mdape": 22.11630218907407,
      "val_mdape": 29.94986534118652,
      "num_train_samples": 21948,
      "num_val_samples": 4493,
      "num_features": 66,
      "train_seasons": [
        "2005-2006",
        "2006-2007",
        "2007-2008",
        "2008-2009",
        "2009-2010",
        "2010-2011",
        "2011-2012",
        "2012-2013",
        "2013-2014",
        "2014-2015",
        "2015-2016"
      ],
      "val_seasons": [
        "2016-2017"
      ],
      "eval_season": "2016-2017",
      "eval_samples": 4493,
      "eval_rmse_M": 2.012402107572769,
      "eval_mae_M": 1.0700559835847665,
      "eval_r2": 0.5299423120051274,
      "eval_mape": 47.751094818115234,
      "eval_mdape": 29.949865341186523,
      "eval_within_10pct": 18.460844053261116,
      "eval_within_25pct": 43.534190927555855,
      "eval_within_50pct": 69.64567817648386,
      "segment": "1M_10M",
      "status": "trained",
      "season": "2016-2017",
      "segment_range": "\u20ac1M \u2013 \u20ac10M",
      "total_segment_samples": 26441
    },
    "10M_100M": {
      "train_rmse": 1.3894381543741732,
      "val_rmse": 6.5745982816499025,
      "train_mae": 0.895071558569271,
      "val_mae": 4.819852960770625,
      "train_mape": 5.9585293968732245,
      "val_mape": 29.72460534655038,
      "train_mdape": 3.68279237798191,
      "val_mdape": 21.108407974243164,
      "num_train_samples": 2278,
      "num_val_samples": 487,
      "num_features": 66,
      "train_seasons": [
        "2005-2006",
        "2006-2007",
        "2007-2008",
        "2008-2009",
        "2009-2010",
        "2010-2011",
        "2011-2012",
        "2012-2013",
        "2013-2014",
        "2014-2015",
        "2015-2016"
      ],
      "val_seasons": [
        "2016-2017"
      ],
      "eval_season": "2016-2017",
      "eval_samples": 487,
      "eval_rmse_M": 6.574598328807262,
      "eval_mae_M": 4.819852989165446,
      "eval_r2": 0.7849950609596976,
      "eval_mape": 29.724605560302734,
      "eval_mdape": 21.108409881591797,
      "eval_within_10pct": 24.485596707818928,
      "eval_within_25pct": 56.99588477366255,
      "eval_within_50pct": 87.86008230452676,
      "segment": "10M_100M",
      "status": "trained",
      "season": "2016-2017",
      "segment_range": "\u20ac10M \u2013 \u20ac100M",
      "total_segment_samples": 2765
    },
    "over_100M": {
      "segment": "over_100M",
      "status": "skipped",
      "reason": "insufficient samples (11)",
      "samples": 11
    }
  }
}