{
  "season": "2025-2026",
  "weighted_average": {},
  "segments": {
    "under_1M": {
      "train_rmse": 0.4052056603911492,
      "val_rmse": 0.5065947879296155,
      "train_mae": 0.14887635204561167,
      "val_mae": 0.15215650080621723,
      "train_mape": 40.02892163288893,
      "val_mape": 52.10188226237514,
      "train_mdape": 29.673543572425842,
      "val_mdape": 31.737583875656128,
      "num_train_samples": 404611,
      "num_val_samples": 51208,
      "num_features": 66,
      "train_seasons": [
        "2002-2003",
        "2003-2004",
        "2004-2005",
        "2005-2006",
        "2006-2007",
        "2007-2008",
        "2008-2009",
        "2009-2010",
        "2010-2011",
        "2011-2012",
        "2012-2013",
        "2013-2014",
        "2014-2015",
        "2015-2016",
        "2016-2017",
        "2017-2018",
        "2018-2019",
        "2019-2020",
        "2020-2021",
        "2021-2022",
        "2022-2023",
        "2023-2024"
      ],
      "val_seasons": [
        "2024-2025"
      ],
      "segment": "under_1M",
      "status": "trained",
      "season": "2025-2026",
      "segment_range": "\u20ac0M \u2013 \u20ac1M",
      "total_segment_samples": 455819
    },
    "1M_10M": {
      "train_rmse": 1.6869549379440978,
      "val_rmse": 2.497448798068518,
      "train_mae": 0.9712834560454776,
      "val_mae": 1.3114856931777934,
      "train_mape": 43.697947174938065,
      "val_mape": 60.453985213950986,
      "train_mdape": 27.597626050313313,
      "val_mdape": 34.50148582458496,
      "num_train_samples": 63957,
      "num_val_samples": 6590,
      "num_features": 66,
      "train_seasons": [
        "2005-2006",
        "2006-2007",
        "2007-2008",
        "2008-2009",
        "2009-2010",
        "2010-2011",
        "2011-2012",
        "2012-2013",
        "2013-2014",
        "2014-2015",
        "2015-2016",
        "2016-2017",
        "2017-2018",
        "2018-2019",
        "2019-2020",
        "2020-2021",
        "2021-2022",
        "2022-2023",
        "2023-2024"
      ],
      "val_seasons": [
        "2024-2025"
      ],
      "segment": "1M_10M",
      "status": "trained",
      "season": "2025-2026",
      "segment_range": "\u20ac1M \u2013 \u20ac10M",
      "total_segment_samples": 70547
    },
    "10M_100M": {
      "train_rmse": 3.9132844882844333,
      "val_rmse": 11.08277684412507,
      "train_mae": 2.8650626558979724,
      "val_mae": 7.320442125866107,
      "train_mape": 18.96014366562875,
      "val_mape": 44.574776486804666,
      "train_mdape": 12.03025182088216,
      "val_mdape": 27.14806470003995,
      "num_train_samples": 8892,
      "num_val_samples": 1143,
      "num_features": 66,
      "train_seasons": [
        "2005-2006",
        "2006-2007",
        "2007-2008",
        "2008-2009",
        "2009-2010",
        "2010-2011",
        "2011-2012",
        "2012-2013",
        "2013-2014",
        "2014-2015",
        "2015-2016",
        "2016-2017",
        "2017-2018",
        "2018-2019",
        "2019-2020",
        "2020-2021",
        "2021-2022",
        "2022-2023",
        "2023-2024"
      ],
      "val_seasons": [
        "2024-2025"
      ],
      "segment": "10M_100M",
      "status": "trained",
      "season": "2025-2026",
      "segment_range": "\u20ac10M \u2013 \u20ac100M",
      "total_segment_samples": 10035
    },
    "over_100M": {
      "train_rmse": 1.7358799326893735,
      "val_rmse": 25.39024261268281,
      "train_mae": 0.6721867370605469,
      "val_mae": 19.73440890842014,
      "train_mape": 0.5702083616467661,
      "val_mape": 21.686420023216666,
      "train_mdape": 0.09603500366210938,
      "val_mdape": 11.941955643470841,
      "num_train_samples": 75,
      "num_val_samples": 18,
      "num_features": 66,
      "train_seasons": [
        "2011-2012",
        "2012-2013",
        "2013-2014",
        "2014-2015",
        "2015-2016",
        "2016-2017",
        "2017-2018",
        "2018-2019",
        "2019-2020",
        "2020-2021",
        "2021-2022",
        "2022-2023",
        "2023-2024"
      ],
      "val_seasons": [
        "2024-2025"
      ],
      "segment": "over_100M",
      "status": "trained",
      "season": "2025-2026",
      "segment_range": "\u2265\u20ac100M",
      "total_segment_samples": 93
    }
  }
}