{
  "train_rmse": 0.7710954128391432,
  "val_rmse": 1.3872358145871526,
  "train_mae": 0.4631008334042975,
  "val_mae": 0.5724988331856957,
  "train_mape": 43.67101203849884,
  "val_mape": 57.42176832912291,
  "train_mdape": 29.18402701616288,
  "val_mdape": 37.59477564266749,
  "num_train_samples": 14591,
  "num_val_samples": 9151,
  "num_features": 71,
  "train_seasons": [
    "2002-2003",
    "2003-2004",
    "2004-2005",
    "2005-2006",
    "2006-2007",
    "2007-2008",
    "2008-2009",
    "2009-2010"
  ],
  "val_seasons": [
    "2010-2011"
  ],
  "eval_season": "2010-2011",
  "eval_samples": 9151,
  "eval_rmse_M": 1.3872033359887583,
  "eval_mae_M": 0.572218463641422,
  "eval_r2": 0.8630299114039672,
  "eval_mape": 57.35233397764962,
  "eval_mdape": 37.59477615356445,
  "eval_within_10pct": 14.847888602996823,
  "eval_within_25pct": 35.59860753746027,
  "eval_within_50pct": 62.49432420160436,
  "season": "2010-2011",
  "cutoff_date": "2010-07-01T00:00:00",
  "min_valuations": 5,
  "cutoff_months": 12,
  "full_dataset_size": 536494,
  "filtered_dataset_size": 23742
}