{
  "season": "2017-2018",
  "weighted_average": {
    "total_eval_samples": 33094,
    "total_train_samples": 137458,
    "total_val_samples": 33094,
    "val_rmse": 1.1214539248101805,
    "val_mae": 0.48077449988948173,
    "val_mape": 43.63022765896188,
    "val_mdape": 30.09943781442024,
    "eval_rmse_M": 1.1214432528971485,
    "eval_mae_M": 0.4806847022243029,
    "eval_r2": 0.2354809554415731,
    "eval_mape": 43.61961933169693,
    "eval_mdape": 30.099438189624507,
    "eval_within_10pct": 18.368279932100254,
    "eval_within_25pct": 42.87268231678135,
    "eval_within_50pct": 71.25366386149393
  },
  "segments": {
    "under_1M": {
      "train_rmse": 0.38728481579680896,
      "val_rmse": 0.5596930121444555,
      "train_mae": 0.18733295243294315,
      "val_mae": 0.17191888844141337,
      "train_mape": 40.692436320725484,
      "val_mape": 41.97159371752585,
      "train_mdape": 30.43099641799926,
      "val_mdape": 29.588120891934345,
      "num_train_samples": 108252,
      "num_val_samples": 27783,
      "num_features": 66,
      "train_seasons": [
        "2002-2003",
        "2003-2004",
        "2004-2005",
        "2005-2006",
        "2006-2007",
        "2007-2008",
        "2008-2009",
        "2009-2010",
        "2010-2011",
        "2011-2012",
        "2012-2013",
        "2013-2014",
        "2014-2015",
        "2015-2016",
        "2016-2017"
      ],
      "val_seasons": [
        "2017-2018"
      ],
      "eval_season": "2017-2018",
      "eval_samples": 27783,
      "eval_rmse_M": 0.5596803002452684,
      "eval_mae_M": 0.17181192545661875,
      "eval_r2": 0.18953968701089696,
      "eval_mape": 41.95895711425371,
      "eval_mdape": 29.58812141418457,
      "eval_within_10pct": 18.6329488942969,
      "eval_within_25pct": 43.40281451698233,
      "eval_within_50pct": 71.88128240397842,
      "segment": "under_1M",
      "status": "trained",
      "season": "2017-2018",
      "segment_range": "\u20ac0M \u2013 \u20ac1M",
      "total_segment_samples": 136035
    },
    "1M_10M": {
      "train_rmse": 1.2137853398560232,
      "val_rmse": 2.823632224929269,
      "train_mae": 0.7884760768056651,
      "val_mae": 1.3216785868755876,
      "train_mape": 36.86947741981527,
      "val_mape": 53.99518736934776,
      "train_mdape": 23.01897704601288,
      "val_mdape": 33.694759437016074,
      "num_train_samples": 26441,
      "num_val_samples": 4740,
      "num_features": 66,
      "train_seasons": [
        "2005-2006",
        "2006-2007",
        "2007-2008",
        "2008-2009",
        "2009-2010",
        "2010-2011",
        "2011-2012",
        "2012-2013",
        "2013-2014",
        "2014-2015",
        "2015-2016",
        "2016-2017"
      ],
      "val_seasons": [
        "2017-2018"
      ],
      "eval_season": "2017-2018",
      "eval_samples": 4740,
      "eval_rmse_M": 2.8236322217982153,
      "eval_mae_M": 1.3216785852911603,
      "eval_r2": 0.4617022263028957,
      "eval_mape": 53.99518966674805,
      "eval_mdape": 33.694759368896484,
      "eval_within_10pct": 16.687898089171973,
      "eval_within_25pct": 38.93842887473461,
      "eval_within_50pct": 66.36942675159236,
      "segment": "1M_10M",
      "status": "trained",
      "season": "2017-2018",
      "segment_range": "\u20ac1M \u2013 \u20ac10M",
      "total_segment_samples": 31181
    },
    "10M_100M": {
      "train_rmse": 1.571538289013834,
      "val_rmse": 14.324743406469311,
      "train_mae": 1.0602349251131469,
      "val_mae": 8.528147670725808,
      "train_mape": 7.1043516182498765,
      "val_mape": 38.29208014177822,
      "train_mdape": 4.485968082341101,
      "val_mdape": 25.13287663459778,
      "num_train_samples": 2765,
      "num_val_samples": 571,
      "num_features": 66,
      "train_seasons": [
        "2005-2006",
        "2006-2007",
        "2007-2008",
        "2008-2009",
        "2009-2010",
        "2010-2011",
        "2011-2012",
        "2012-2013",
        "2013-2014",
        "2014-2015",
        "2015-2016",
        "2016-2017"
      ],
      "val_seasons": [
        "2017-2018"
      ],
      "eval_season": "2017-2018",
      "eval_samples": 571,
      "eval_rmse_M": 14.32474342966795,
      "eval_mae_M": 8.528147664045077,
      "eval_r2": 0.5929195490086602,
      "eval_mape": 38.29207992553711,
      "eval_mdape": 25.13287353515625,
      "eval_within_10pct": 19.439579684763572,
      "eval_within_25pct": 49.73730297723292,
      "eval_within_50pct": 81.26094570928196,
      "segment": "10M_100M",
      "status": "trained",
      "season": "2017-2018",
      "segment_range": "\u20ac10M \u2013 \u20ac100M",
      "total_segment_samples": 3336
    },
    "over_100M": {
      "segment": "over_100M",
      "status": "skipped",
      "reason": "insufficient samples (14)",
      "samples": 14
    }
  }
}