{
  "train_rmse": 1.0844875022711287,
  "val_rmse": 1.528154188546756,
  "train_mae": 0.3796791001817319,
  "val_mae": 0.39324903659264854,
  "train_mape": 42.66642164140465,
  "val_mape": 52.28218039293863,
  "train_mdape": 30.43315708637237,
  "val_mdape": 34.05499458312988,
  "num_train_samples": 301287,
  "num_val_samples": 55419,
  "num_features": 64,
  "train_seasons": [
    "2002-2003",
    "2003-2004",
    "2004-2005",
    "2005-2006",
    "2006-2007",
    "2007-2008",
    "2008-2009",
    "2009-2010",
    "2010-2011",
    "2011-2012",
    "2012-2013",
    "2013-2014",
    "2014-2015",
    "2015-2016",
    "2016-2017",
    "2017-2018",
    "2018-2019",
    "2019-2020",
    "2020-2021"
  ],
  "val_seasons": [
    "2021-2022"
  ],
  "eval_season": "2021-2022",
  "eval_samples": 55419,
  "eval_rmse_M": 1.528140838793202,
  "eval_mae_M": 0.3931139310022531,
  "eval_r2": 0.8490865758400192,
  "eval_mape": 52.26613628229876,
  "eval_mdape": 34.054988861083984,
  "eval_within_10pct": 15.93192361328514,
  "eval_within_25pct": 38.59748982554002,
  "eval_within_50pct": 66.04434072345391,
  "season": "2021-2022",
  "cutoff_date": "2021-07-01T00:00:00",
  "min_valuations": 5,
  "cutoff_months": 12,
  "full_dataset_size": 536494,
  "filtered_dataset_size": 356706
}