{
  "season": "2020-2021",
  "weighted_average": {
    "total_eval_samples": 48050,
    "total_train_samples": 253237,
    "total_val_samples": 48050,
    "val_rmse": 1.0098655598303543,
    "val_mae": 0.4271646041419826,
    "val_mape": 40.85630421156756,
    "val_mdape": 31.478772176843098,
    "eval_rmse_M": 1.0098359654359461,
    "eval_mae_M": 0.42691740466430045,
    "eval_r2": 0.18124066641425016,
    "eval_mape": 40.83272064623169,
    "eval_mdape": 31.478774022202586,
    "eval_within_10pct": 16.575544332686217,
    "eval_within_25pct": 40.39450549464333,
    "eval_within_50pct": 72.46144460974322
  },
  "segments": {
    "under_1M": {
      "train_rmse": 0.40476559849942567,
      "val_rmse": 0.5648247945189997,
      "train_mae": 0.16799047645112877,
      "val_mae": 0.15915890141246838,
      "train_mape": 39.56147601676233,
      "val_mape": 40.44894416291619,
      "train_mdape": 28.918520609537758,
      "val_mdape": 31.10219438870748,
      "num_train_samples": 206513,
      "num_val_samples": 42565,
      "num_features": 66,
      "train_seasons": [
        "2002-2003",
        "2003-2004",
        "2004-2005",
        "2005-2006",
        "2006-2007",
        "2007-2008",
        "2008-2009",
        "2009-2010",
        "2010-2011",
        "2011-2012",
        "2012-2013",
        "2013-2014",
        "2014-2015",
        "2015-2016",
        "2016-2017",
        "2017-2018",
        "2018-2019",
        "2019-2020"
      ],
      "val_seasons": [
        "2020-2021"
      ],
      "eval_season": "2020-2021",
      "eval_samples": 42565,
      "eval_rmse_M": 0.5647913868715391,
      "eval_mae_M": 0.15887984781805106,
      "eval_r2": 0.1624566229439135,
      "eval_mape": 40.42232163295352,
      "eval_mdape": 31.10219669342041,
      "eval_within_10pct": 16.812628790108917,
      "eval_within_25pct": 40.94421548425081,
      "eval_within_50pct": 72.84368560494553,
      "segment": "under_1M",
      "status": "trained",
      "season": "2020-2021",
      "segment_range": "\u20ac0M \u2013 \u20ac1M",
      "total_segment_samples": 249078
    },
    "1M_10M": {
      "train_rmse": 1.476782442050269,
      "val_rmse": 3.2162463895896014,
      "train_mae": 0.8859520238466648,
      "val_mae": 1.5338653554267137,
      "train_mape": 40.84399134570618,
      "val_mape": 45.33130308422819,
      "train_mdape": 25.572913885116577,
      "val_mdape": 35.0637341539065,
      "num_train_samples": 41606,
      "num_val_samples": 4644,
      "num_features": 66,
      "train_seasons": [
        "2005-2006",
        "2006-2007",
        "2007-2008",
        "2008-2009",
        "2009-2010",
        "2010-2011",
        "2011-2012",
        "2012-2013",
        "2013-2014",
        "2014-2015",
        "2015-2016",
        "2016-2017",
        "2017-2018",
        "2018-2019",
        "2019-2020"
      ],
      "val_seasons": [
        "2020-2021"
      ],
      "eval_season": "2020-2021",
      "eval_samples": 4644,
      "eval_rmse_M": 3.2162463872517106,
      "eval_mae_M": 1.5338653534629947,
      "eval_r2": 0.2825350213304999,
      "eval_mape": 45.331302642822266,
      "eval_mdape": 35.0637321472168,
      "eval_within_10pct": 14.648010494097068,
      "eval_within_25pct": 35.220813292522955,
      "eval_within_50pct": 68.29908176650635,
      "segment": "1M_10M",
      "status": "trained",
      "season": "2020-2021",
      "segment_range": "\u20ac1M \u2013 \u20ac10M",
      "total_segment_samples": 46250
    },
    "10M_100M": {
      "train_rmse": 2.681616649840613,
      "val_rmse": 11.301879409505906,
      "train_mae": 1.9193316764327828,
      "val_mae": 7.8256524372559335,
      "train_mape": 12.868674978623249,
      "val_mape": 37.01902422388051,
      "train_mdape": 8.193813051496232,
      "val_mdape": 30.99448216928018,
      "num_train_samples": 5074,
      "num_val_samples": 832,
      "num_features": 66,
      "train_seasons": [
        "2005-2006",
        "2006-2007",
        "2007-2008",
        "2008-2009",
        "2009-2010",
        "2010-2011",
        "2011-2012",
        "2012-2013",
        "2013-2014",
        "2014-2015",
        "2015-2016",
        "2016-2017",
        "2017-2018",
        "2018-2019",
        "2019-2020"
      ],
      "val_seasons": [
        "2020-2021"
      ],
      "eval_season": "2020-2021",
      "eval_samples": 832,
      "eval_rmse_M": 11.301879405563593,
      "eval_mae_M": 7.825652425793502,
      "eval_r2": 0.5733206226579808,
      "eval_mape": 37.01902389526367,
      "eval_mdape": 30.994482040405273,
      "eval_within_10pct": 14.663461538461538,
      "eval_within_25pct": 40.74519230769231,
      "eval_within_50pct": 75.84134615384616,
      "segment": "10M_100M",
      "status": "trained",
      "season": "2020-2021",
      "segment_range": "\u20ac10M \u2013 \u20ac100M",
      "total_segment_samples": 5906
    },
    "over_100M": {
      "train_rmse": 0.78482027242081,
      "val_rmse": 15.87342990936561,
      "train_mae": 0.4172182083129883,
      "val_mae": 12.938561333550346,
      "train_mape": 0.352384204726046,
      "val_mape": 13.07882154100428,
      "train_mdape": 0.09605142805311415,
      "val_mdape": 7.412040710449219,
      "num_train_samples": 44,
      "num_val_samples": 9,
      "num_features": 66,
      "train_seasons": [
        "2011-2012",
        "2012-2013",
        "2013-2014",
        "2014-2015",
        "2015-2016",
        "2016-2017",
        "2017-2018",
        "2018-2019",
        "2019-2020"
      ],
      "val_seasons": [
        "2020-2021"
      ],
      "eval_season": "2020-2021",
      "eval_samples": 9,
      "eval_rmse_M": 15.87342990936561,
      "eval_mae_M": 12.938561333550346,
      "eval_r2": 0.5058298318622043,
      "eval_mape": 13.078821182250977,
      "eval_mdape": 7.4120402336120605,
      "eval_within_10pct": 66.66666666666666,
      "eval_within_25pct": 77.77777777777779,
      "eval_within_50pct": 100.0,
      "segment": "over_100M",
      "status": "trained",
      "season": "2020-2021",
      "segment_range": "\u2265\u20ac100M",
      "total_segment_samples": 53
    }
  }
}