{
  "train_rmse": 0.822183050967333,
  "val_rmse": 1.0973109740718852,
  "train_mae": 0.4308644882195148,
  "val_mae": 0.41644304608015126,
  "train_mape": 44.20337241491045,
  "val_mape": 46.024322371161155,
  "train_mdape": 31.700209776560463,
  "val_mdape": 32.332602474424576,
  "num_train_samples": 49178,
  "num_val_samples": 16928,
  "num_features": 64,
  "train_seasons": [
    "2002-2003",
    "2003-2004",
    "2004-2005",
    "2005-2006",
    "2006-2007",
    "2007-2008",
    "2008-2009",
    "2009-2010",
    "2010-2011",
    "2011-2012",
    "2012-2013"
  ],
  "val_seasons": [
    "2013-2014"
  ],
  "eval_season": "2013-2014",
  "eval_samples": 16928,
  "eval_rmse_M": 1.0972504016986997,
  "eval_mae_M": 0.41599761441445127,
  "eval_r2": 0.90843264917364,
  "eval_mape": 45.980137319711766,
  "eval_mdape": 32.33260536193848,
  "eval_within_10pct": 17.153469525578256,
  "eval_within_25pct": 40.4777984129664,
  "eval_within_50pct": 68.56322809387136,
  "season": "2013-2014",
  "cutoff_date": "2013-07-01T00:00:00",
  "min_valuations": 5,
  "cutoff_months": 12,
  "full_dataset_size": 536494,
  "filtered_dataset_size": 66106
}