{
  "train_rmse": 0.8448020963450459,
  "val_rmse": 1.2210999323127707,
  "train_mae": 0.41016393830278847,
  "val_mae": 0.4226082175808511,
  "train_mape": 43.87249891039763,
  "val_mape": 47.5203981016894,
  "train_mdape": 31.34894371032715,
  "val_mdape": 32.79247283935546,
  "num_train_samples": 86010,
  "num_val_samples": 23491,
  "num_features": 64,
  "train_seasons": [
    "2002-2003",
    "2003-2004",
    "2004-2005",
    "2005-2006",
    "2006-2007",
    "2007-2008",
    "2008-2009",
    "2009-2010",
    "2010-2011",
    "2011-2012",
    "2012-2013",
    "2013-2014",
    "2014-2015"
  ],
  "val_seasons": [
    "2015-2016"
  ],
  "eval_season": "2015-2016",
  "eval_samples": 23491,
  "eval_rmse_M": 1.2210894381177697,
  "eval_mae_M": 0.4225246317417937,
  "eval_r2": 0.8884554112851967,
  "eval_mape": 47.50825481356704,
  "eval_mdape": 32.7924690246582,
  "eval_within_10pct": 16.810850030697104,
  "eval_within_25pct": 39.716470391248535,
  "eval_within_50pct": 67.64525311157001,
  "season": "2015-2016",
  "cutoff_date": "2015-07-01T00:00:00",
  "min_valuations": 5,
  "cutoff_months": 12,
  "full_dataset_size": 536494,
  "filtered_dataset_size": 109501
}