{
  "season": "2022-2023",
  "weighted_average": {
    "total_eval_samples": 60567,
    "total_train_samples": 356706,
    "total_val_samples": 60567,
    "val_rmse": 0.8249229078977327,
    "val_mae": 0.3510289686250763,
    "val_mape": 42.840557981988844,
    "val_mdape": 30.17030287947961,
    "eval_rmse_M": 0.8248856557405636,
    "eval_mae_M": 0.3506100931518751,
    "eval_r2": 0.2540341498624371,
    "eval_mape": 42.82415193107813,
    "eval_mdape": 30.170305237652066,
    "eval_within_10pct": 17.847217084875126,
    "eval_within_25pct": 42.62116952398019,
    "eval_within_50pct": 71.94644232543092
  },
  "segments": {
    "under_1M": {
      "train_rmse": 0.4071467246120772,
      "val_rmse": 0.4387279082280175,
      "train_mae": 0.15722156592721434,
      "val_mae": 0.12560573143585996,
      "train_mape": 39.51112092135907,
      "val_mape": 41.96354389816867,
      "train_mdape": 29.081437985102344,
      "val_mdape": 29.903326431910198,
      "num_train_samples": 297892,
      "num_val_samples": 53690,
      "num_features": 66,
      "train_seasons": [
        "2002-2003",
        "2003-2004",
        "2004-2005",
        "2005-2006",
        "2006-2007",
        "2007-2008",
        "2008-2009",
        "2009-2010",
        "2010-2011",
        "2011-2012",
        "2012-2013",
        "2013-2014",
        "2014-2015",
        "2015-2016",
        "2016-2017",
        "2017-2018",
        "2018-2019",
        "2019-2020",
        "2020-2021",
        "2021-2022"
      ],
      "val_seasons": [
        "2022-2023"
      ],
      "eval_season": "2022-2023",
      "eval_samples": 53690,
      "eval_rmse_M": 0.4386911225845772,
      "eval_mae_M": 0.12514948176113602,
      "eval_r2": 0.2341130003934,
      "eval_mape": 41.948226151184286,
      "eval_mdape": 29.903328895568848,
      "eval_within_10pct": 17.94818652849741,
      "eval_within_25pct": 42.91537132987911,
      "eval_within_50pct": 72.42487046632124,
      "segment": "under_1M",
      "status": "trained",
      "season": "2022-2023",
      "segment_range": "\u20ac0M \u2013 \u20ac1M",
      "total_segment_samples": 351582
    },
    "1M_10M": {
      "train_rmse": 1.5983023568456947,
      "val_rmse": 2.7075292871530032,
      "train_mae": 0.9378411940318738,
      "val_mae": 1.2796951960601854,
      "train_mape": 42.48709869281371,
      "val_mape": 51.71918410718087,
      "train_mdape": 26.76469385623932,
      "val_mdape": 32.95476734638214,
      "num_train_samples": 51871,
      "num_val_samples": 5902,
      "num_features": 66,
      "train_seasons": [
        "2005-2006",
        "2006-2007",
        "2007-2008",
        "2008-2009",
        "2009-2010",
        "2010-2011",
        "2011-2012",
        "2012-2013",
        "2013-2014",
        "2014-2015",
        "2015-2016",
        "2016-2017",
        "2017-2018",
        "2018-2019",
        "2019-2020",
        "2020-2021",
        "2021-2022"
      ],
      "val_seasons": [
        "2022-2023"
      ],
      "eval_season": "2022-2023",
      "eval_samples": 5902,
      "eval_rmse_M": 2.7074816373082102,
      "eval_mae_M": 1.279547110979329,
      "eval_r2": 0.37111823107246167,
      "eval_mape": 51.69016785485378,
      "eval_mdape": 32.954769134521484,
      "eval_within_10pct": 16.56966792194454,
      "eval_within_25pct": 39.404313591235876,
      "eval_within_50pct": 66.87778158165013,
      "segment": "1M_10M",
      "status": "trained",
      "season": "2022-2023",
      "segment_range": "\u20ac1M \u2013 \u20ac10M",
      "total_segment_samples": 57773
    },
    "10M_100M": {
      "train_rmse": 3.296832374306595,
      "val_rmse": 10.571017482010575,
      "train_mae": 2.393618941875226,
      "val_mae": 7.018841062063053,
      "train_mape": 16.03259275674699,
      "val_mape": 37.41538396385963,
      "train_mdape": 10.087958441840279,
      "val_mdape": 28.0362606048584,
      "num_train_samples": 6882,
      "num_val_samples": 972,
      "num_features": 66,
      "train_seasons": [
        "2005-2006",
        "2006-2007",
        "2007-2008",
        "2008-2009",
        "2009-2010",
        "2010-2011",
        "2011-2012",
        "2012-2013",
        "2013-2014",
        "2014-2015",
        "2015-2016",
        "2016-2017",
        "2017-2018",
        "2018-2019",
        "2019-2020",
        "2020-2021",
        "2021-2022"
      ],
      "val_seasons": [
        "2022-2023"
      ],
      "eval_season": "2022-2023",
      "eval_samples": 972,
      "eval_rmse_M": 10.571017481163883,
      "eval_mae_M": 7.0188410748179555,
      "eval_r2": 0.6812785060208861,
      "eval_mape": 37.415382385253906,
      "eval_mdape": 28.0362606048584,
      "eval_within_10pct": 20.08238928939238,
      "eval_within_25pct": 45.829042224510815,
      "eval_within_50pct": 76.21009268795056,
      "segment": "10M_100M",
      "status": "trained",
      "season": "2022-2023",
      "segment_range": "\u20ac10M \u2013 \u20ac100M",
      "total_segment_samples": 7854
    },
    "over_100M": {
      "train_rmse": 1.2872541905060435,
      "val_rmse": 50.97917486280452,
      "train_mae": 0.5761188444544058,
      "val_mae": 47.30842081705729,
      "train_mape": 0.49928223091003815,
      "val_mape": 29.00852966308594,
      "train_mdape": 0.09123086929321289,
      "val_mdape": 21.618728637695312,
      "num_train_samples": 61,
      "num_val_samples": 3,
      "num_features": 66,
      "train_seasons": [
        "2011-2012",
        "2012-2013",
        "2013-2014",
        "2014-2015",
        "2015-2016",
        "2016-2017",
        "2017-2018",
        "2018-2019",
        "2019-2020",
        "2020-2021",
        "2021-2022"
      ],
      "val_seasons": [
        "2022-2023"
      ],
      "eval_season": "2022-2023",
      "eval_samples": 3,
      "eval_rmse_M": 50.97917486280452,
      "eval_mae_M": 47.30842081705729,
      "eval_r2": -11.994381348462,
      "eval_mape": 29.00853157043457,
      "eval_mdape": 21.618728637695312,
      "eval_within_10pct": 0.0,
      "eval_within_25pct": 66.66666666666666,
      "eval_within_50pct": 100.0,
      "segment": "over_100M",
      "status": "trained",
      "season": "2022-2023",
      "segment_range": "\u2265\u20ac100M",
      "total_segment_samples": 64
    }
  }
}