{
  "train_rmse": 0.7569164927850368,
  "val_rmse": 1.386159761708557,
  "train_mae": 0.45221591634036123,
  "val_mae": 0.5815907764785302,
  "train_mape": 43.340604701248886,
  "val_mape": 58.86485297782089,
  "train_mdape": 28.551144070095486,
  "val_mdape": 38.829097747802734,
  "num_train_samples": 14591,
  "num_val_samples": 9151,
  "num_features": 64,
  "train_seasons": [
    "2002-2003",
    "2003-2004",
    "2004-2005",
    "2005-2006",
    "2006-2007",
    "2007-2008",
    "2008-2009",
    "2009-2010"
  ],
  "val_seasons": [
    "2010-2011"
  ],
  "eval_season": "2010-2011",
  "eval_samples": 9151,
  "eval_rmse_M": 1.3861352351175118,
  "eval_mae_M": 0.5812182455965312,
  "eval_r2": 0.8632407551136089,
  "eval_mape": 58.82575219041654,
  "eval_mdape": 38.8291015625,
  "eval_within_10pct": 13.985167246859392,
  "eval_within_25pct": 33.933706674738914,
  "eval_within_50pct": 60.768881489329495,
  "season": "2010-2011",
  "cutoff_date": "2010-07-01T00:00:00",
  "min_valuations": 5,
  "cutoff_months": 12,
  "full_dataset_size": 536494,
  "filtered_dataset_size": 23742
}