{
  "train_rmse": 0.8293719685358845,
  "val_rmse": 1.3540584971610965,
  "train_mae": 0.39030784138228336,
  "val_mae": 0.4009408951335181,
  "train_mape": 42.144820577139576,
  "val_mape": 41.790186628535714,
  "train_mdape": 30.380558832125224,
  "val_mdape": 29.797561466693885,
  "num_train_samples": 109501,
  "num_val_samples": 27968,
  "num_features": 64,
  "train_seasons": [
    "2002-2003",
    "2003-2004",
    "2004-2005",
    "2005-2006",
    "2006-2007",
    "2007-2008",
    "2008-2009",
    "2009-2010",
    "2010-2011",
    "2011-2012",
    "2012-2013",
    "2013-2014",
    "2014-2015",
    "2015-2016"
  ],
  "val_seasons": [
    "2016-2017"
  ],
  "eval_season": "2016-2017",
  "eval_samples": 27968,
  "eval_rmse_M": 1.354044744044524,
  "eval_mae_M": 0.4008510126981335,
  "eval_r2": 0.8668336233898184,
  "eval_mape": 41.766931166192386,
  "eval_mdape": 29.797558784484863,
  "eval_within_10pct": 17.57067561092477,
  "eval_within_25pct": 43.04264494489698,
  "eval_within_50pct": 72.19932918064207,
  "season": "2016-2017",
  "cutoff_date": "2016-07-01T00:00:00",
  "min_valuations": 5,
  "cutoff_months": 12,
  "full_dataset_size": 536494,
  "filtered_dataset_size": 137469
}