{
  "train_rmse": 0.8354948774008416,
  "val_rmse": 1.2968637353982615,
  "train_mae": 0.3918842924850623,
  "val_mae": 0.39765976221638855,
  "train_mape": 42.219750290688154,
  "val_mape": 42.44915902629122,
  "train_mdape": 30.316672722498573,
  "val_mdape": 30.007781386375427,
  "num_train_samples": 109501,
  "num_val_samples": 27968,
  "num_features": 71,
  "train_seasons": [
    "2002-2003",
    "2003-2004",
    "2004-2005",
    "2005-2006",
    "2006-2007",
    "2007-2008",
    "2008-2009",
    "2009-2010",
    "2010-2011",
    "2011-2012",
    "2012-2013",
    "2013-2014",
    "2014-2015",
    "2015-2016"
  ],
  "val_seasons": [
    "2016-2017"
  ],
  "eval_season": "2016-2017",
  "eval_samples": 27968,
  "eval_rmse_M": 1.2968563012784986,
  "eval_mae_M": 0.3976193708263996,
  "eval_r2": 0.8778447140600061,
  "eval_mape": 42.44268326645375,
  "eval_mdape": 30.007781982421875,
  "eval_within_10pct": 17.532343076185914,
  "eval_within_25pct": 42.812649736463825,
  "eval_within_50pct": 71.65309056061332,
  "season": "2016-2017",
  "cutoff_date": "2016-07-01T00:00:00",
  "min_valuations": 5,
  "cutoff_months": 12,
  "full_dataset_size": 536494,
  "filtered_dataset_size": 137469
}