{
  "train_rmse": 1.1196920571211315,
  "val_rmse": 1.9437330031529527,
  "train_mae": 0.35525189471863494,
  "val_mae": 0.4087872821270714,
  "train_mape": 42.53491413442114,
  "val_mape": 44.83157525971942,
  "train_mdape": 30.783390998840332,
  "val_mdape": 31.524139184218186,
  "num_train_samples": 477535,
  "num_val_samples": 58959,
  "num_features": 64,
  "train_seasons": [
    "2002-2003",
    "2003-2004",
    "2004-2005",
    "2005-2006",
    "2006-2007",
    "2007-2008",
    "2008-2009",
    "2009-2010",
    "2010-2011",
    "2011-2012",
    "2012-2013",
    "2013-2014",
    "2014-2015",
    "2015-2016",
    "2016-2017",
    "2017-2018",
    "2018-2019",
    "2019-2020",
    "2020-2021",
    "2021-2022",
    "2022-2023",
    "2023-2024"
  ],
  "val_seasons": [
    "2024-2025"
  ],
  "season": "2025-2026",
  "cutoff_date": "2025-07-01T00:00:00",
  "min_valuations": 5,
  "cutoff_months": 12,
  "full_dataset_size": 536494,
  "filtered_dataset_size": 536494
}