{
  "train_rmse": 0.7786333798481426,
  "val_rmse": 1.399336726490079,
  "train_mae": 0.42692772285739156,
  "val_mae": 0.527672080465475,
  "train_mape": 43.85532626628993,
  "val_mape": 48.77179628193163,
  "train_mdape": 30.662175019582115,
  "val_mdape": 35.66879928112029,
  "num_train_samples": 35165,
  "num_val_samples": 14013,
  "num_features": 66,
  "train_seasons": [
    "2002-2003",
    "2003-2004",
    "2004-2005",
    "2005-2006",
    "2006-2007",
    "2007-2008",
    "2008-2009",
    "2009-2010",
    "2010-2011",
    "2011-2012"
  ],
  "val_seasons": [
    "2012-2013"
  ],
  "eval_season": "2012-2013",
  "eval_samples": 14013,
  "eval_rmse_M": 1.3992931227833358,
  "eval_mae_M": 0.5273081230306373,
  "eval_r2": 0.8604068333928199,
  "eval_mape": 48.7029280561932,
  "eval_mdape": 35.66879653930664,
  "eval_within_10pct": 14.550397744436614,
  "eval_within_25pct": 36.26019534790051,
  "eval_within_50pct": 65.80404793072199,
  "season": "2012-2013",
  "cutoff_date": "2012-07-01T00:00:00",
  "min_valuations": 5,
  "cutoff_months": 12,
  "full_dataset_size": 536494,
  "filtered_dataset_size": 49178
}