{
  "train_rmse": 0.775337042739478,
  "val_rmse": 1.403412002695395,
  "train_mae": 0.4254850608051233,
  "val_mae": 0.5341986061291301,
  "train_mape": 43.755135832281944,
  "val_mape": 50.328555308597856,
  "train_mdape": 30.831442773342133,
  "val_mdape": 36.02858781814575,
  "num_train_samples": 35165,
  "num_val_samples": 14013,
  "num_features": 66,
  "train_seasons": [
    "2002-2003",
    "2003-2004",
    "2004-2005",
    "2005-2006",
    "2006-2007",
    "2007-2008",
    "2008-2009",
    "2009-2010",
    "2010-2011",
    "2011-2012"
  ],
  "val_seasons": [
    "2012-2013"
  ],
  "eval_season": "2012-2013",
  "eval_samples": 14013,
  "eval_rmse_M": 1.4033718507523496,
  "eval_mae_M": 0.5337551899003542,
  "eval_r2": 0.859591861395123,
  "eval_mape": 50.24839502297255,
  "eval_mdape": 36.028587341308594,
  "eval_within_10pct": 14.59067566206827,
  "eval_within_25pct": 35.504984392306916,
  "eval_within_50pct": 64.7165441546672,
  "season": "2012-2013",
  "cutoff_date": "2012-07-01T00:00:00",
  "min_valuations": 5,
  "cutoff_months": 12,
  "full_dataset_size": 536494,
  "filtered_dataset_size": 49178
}