{
  "train_rmse": 1.0863563663350497,
  "val_rmse": 1.7569745481914474,
  "train_mae": 0.36716581800814346,
  "val_mae": 0.3524145878939806,
  "train_mape": 42.368146251358965,
  "val_mape": 42.890930395012525,
  "train_mdape": 30.450170148502693,
  "val_mdape": 31.86064064502716,
  "num_train_samples": 356706,
  "num_val_samples": 60567,
  "num_features": 64,
  "train_seasons": [
    "2002-2003",
    "2003-2004",
    "2004-2005",
    "2005-2006",
    "2006-2007",
    "2007-2008",
    "2008-2009",
    "2009-2010",
    "2010-2011",
    "2011-2012",
    "2012-2013",
    "2013-2014",
    "2014-2015",
    "2015-2016",
    "2016-2017",
    "2017-2018",
    "2018-2019",
    "2019-2020",
    "2020-2021",
    "2021-2022"
  ],
  "val_seasons": [
    "2022-2023"
  ],
  "eval_season": "2022-2023",
  "eval_samples": 60567,
  "eval_rmse_M": 1.7569539823714817,
  "eval_mae_M": 0.3519483914428392,
  "eval_r2": 0.8191628521139843,
  "eval_mape": 42.87086381903368,
  "eval_mdape": 31.86064052581787,
  "eval_within_10pct": 16.554828608175363,
  "eval_within_25pct": 40.443437901918024,
  "eval_within_50pct": 70.49432421853157,
  "season": "2022-2023",
  "cutoff_date": "2022-07-01T00:00:00",
  "min_valuations": 5,
  "cutoff_months": 12,
  "full_dataset_size": 536494,
  "filtered_dataset_size": 417273
}