{
  "train_rmse": 0.67595234744082,
  "val_rmse": 1.5321439196592375,
  "train_mae": 0.41978061848127024,
  "val_mae": 0.7458167774652266,
  "train_mape": 39.64999714330862,
  "val_mape": 71.97466906887675,
  "train_mdape": 25.629284802605127,
  "val_mdape": 43.15423241683415,
  "num_train_samples": 8421,
  "num_val_samples": 6170,
  "num_features": 66,
  "train_seasons": [
    "2002-2003",
    "2003-2004",
    "2004-2005",
    "2005-2006",
    "2006-2007",
    "2007-2008",
    "2008-2009"
  ],
  "val_seasons": [
    "2009-2010"
  ],
  "eval_season": "2009-2010",
  "eval_samples": 6170,
  "eval_rmse_M": 1.5320256975799285,
  "eval_mae_M": 0.7448476243577856,
  "eval_r2": 0.8540493883179883,
  "eval_mape": 71.79888834788007,
  "eval_mdape": 43.15423393249512,
  "eval_within_10pct": 12.695395014786651,
  "eval_within_25pct": 30.798479087452474,
  "eval_within_50pct": 56.21039290240811,
  "season": "2009-2010",
  "cutoff_date": "2009-07-01T00:00:00",
  "min_valuations": 5,
  "cutoff_months": 12,
  "full_dataset_size": 536494,
  "filtered_dataset_size": 14591
}