{
  "train_rmse": 0.8375509477776606,
  "val_rmse": 1.234824683349391,
  "train_mae": 0.4082113429658828,
  "val_mae": 0.4198205551767162,
  "train_mape": 43.625631577668024,
  "val_mape": 46.89012257134832,
  "train_mdape": 31.2089741230011,
  "val_mdape": 32.59065151214599,
  "num_train_samples": 86010,
  "num_val_samples": 23491,
  "num_features": 71,
  "train_seasons": [
    "2002-2003",
    "2003-2004",
    "2004-2005",
    "2005-2006",
    "2006-2007",
    "2007-2008",
    "2008-2009",
    "2009-2010",
    "2010-2011",
    "2011-2012",
    "2012-2013",
    "2013-2014",
    "2014-2015"
  ],
  "val_seasons": [
    "2015-2016"
  ],
  "eval_season": "2015-2016",
  "eval_samples": 23491,
  "eval_rmse_M": 1.234799739369945,
  "eval_mae_M": 0.4197214042974661,
  "eval_r2": 0.8859365206041007,
  "eval_mape": 46.8753696289695,
  "eval_mdape": 32.59065628051758,
  "eval_within_10pct": 17.128983646815872,
  "eval_within_25pct": 39.95646592621533,
  "eval_within_50pct": 68.00245576826478,
  "season": "2015-2016",
  "cutoff_date": "2015-07-01T00:00:00",
  "min_valuations": 5,
  "cutoff_months": 12,
  "full_dataset_size": 536494,
  "filtered_dataset_size": 109501
}