{
  "train_rmse": 1.0370437963569117,
  "val_rmse": 1.9912609314408798,
  "train_mae": 0.39974192696325284,
  "val_mae": 0.4939589217015572,
  "train_mape": 43.17280485763323,
  "val_mape": 52.45653513063247,
  "train_mdape": 30.494439601898193,
  "val_mdape": 35.535995165507,
  "num_train_samples": 208716,
  "num_val_samples": 44521,
  "num_features": 71,
  "train_seasons": [
    "2002-2003",
    "2003-2004",
    "2004-2005",
    "2005-2006",
    "2006-2007",
    "2007-2008",
    "2008-2009",
    "2009-2010",
    "2010-2011",
    "2011-2012",
    "2012-2013",
    "2013-2014",
    "2014-2015",
    "2015-2016",
    "2016-2017",
    "2017-2018",
    "2018-2019"
  ],
  "val_seasons": [
    "2019-2020"
  ],
  "eval_season": "2019-2020",
  "eval_samples": 44521,
  "eval_rmse_M": 1.9912401840702751,
  "eval_mae_M": 0.493561595868518,
  "eval_r2": 0.7851842868450962,
  "eval_mape": 52.40002691279189,
  "eval_mdape": 35.5359992980957,
  "eval_within_10pct": 15.827196858124692,
  "eval_within_25pct": 37.11012927507773,
  "eval_within_50pct": 63.8095238095238,
  "season": "2019-2020",
  "cutoff_date": "2019-07-01T00:00:00",
  "min_valuations": 5,
  "cutoff_months": 12,
  "full_dataset_size": 536494,
  "filtered_dataset_size": 253237
}