{
  "train_rmse": 0.785690849248517,
  "val_rmse": 1.495989419875979,
  "train_mae": 0.400318121917959,
  "val_mae": 0.48203108404216666,
  "train_mape": 42.88499376215555,
  "val_mape": 44.88191594065937,
  "train_mdape": 30.74395060539245,
  "val_mdape": 33.39160581429799,
  "num_train_samples": 66106,
  "num_val_samples": 19904,
  "num_features": 64,
  "train_seasons": [
    "2002-2003",
    "2003-2004",
    "2004-2005",
    "2005-2006",
    "2006-2007",
    "2007-2008",
    "2008-2009",
    "2009-2010",
    "2010-2011",
    "2011-2012",
    "2012-2013",
    "2013-2014"
  ],
  "val_seasons": [
    "2014-2015"
  ],
  "eval_season": "2014-2015",
  "eval_samples": 19904,
  "eval_rmse_M": 1.495973033206207,
  "eval_mae_M": 0.48180401047376004,
  "eval_r2": 0.8355896365093692,
  "eval_mape": 44.842550160318176,
  "eval_mdape": 33.39160346984863,
  "eval_within_10pct": 16.02737869341285,
  "eval_within_25pct": 38.91298454865817,
  "eval_within_50pct": 67.7622661968013,
  "season": "2014-2015",
  "cutoff_date": "2014-07-01T00:00:00",
  "min_valuations": 5,
  "cutoff_months": 12,
  "full_dataset_size": 536494,
  "filtered_dataset_size": 86010
}