{
  "train_rmse": 1.0535451810126133,
  "val_rmse": 1.9256109270529775,
  "train_mae": 0.38214906529545684,
  "val_mae": 0.4254851593317251,
  "train_mape": 41.744423171840495,
  "val_mape": 38.134530037627215,
  "train_mdape": 29.706130425135296,
  "val_mdape": 31.960654258728027,
  "num_train_samples": 253237,
  "num_val_samples": 48050,
  "num_features": 71,
  "train_seasons": [
    "2002-2003",
    "2003-2004",
    "2004-2005",
    "2005-2006",
    "2006-2007",
    "2007-2008",
    "2008-2009",
    "2009-2010",
    "2010-2011",
    "2011-2012",
    "2012-2013",
    "2013-2014",
    "2014-2015",
    "2015-2016",
    "2016-2017",
    "2017-2018",
    "2018-2019",
    "2019-2020"
  ],
  "val_seasons": [
    "2020-2021"
  ],
  "eval_season": "2020-2021",
  "eval_samples": 48050,
  "eval_rmse_M": 1.9255991949984916,
  "eval_mae_M": 0.4251961631461867,
  "eval_r2": 0.8009322869523939,
  "eval_mape": 38.10948639151933,
  "eval_mdape": 31.960651397705078,
  "eval_within_10pct": 15.5901936117333,
  "eval_within_25pct": 39.3022613604983,
  "eval_within_50pct": 73.39756374459206,
  "season": "2020-2021",
  "cutoff_date": "2020-07-01T00:00:00",
  "min_valuations": 5,
  "cutoff_months": 12,
  "full_dataset_size": 536494,
  "filtered_dataset_size": 301287
}