{
  "train_rmse": 0.8315538102960089,
  "val_rmse": 1.1974228395452855,
  "train_mae": 0.4051541431230939,
  "val_mae": 0.41820420265419206,
  "train_mape": 43.575739620247056,
  "val_mape": 47.352496601139826,
  "train_mdape": 31.03639036417008,
  "val_mdape": 32.6002891247089,
  "num_train_samples": 86010,
  "num_val_samples": 23491,
  "num_features": 64,
  "train_seasons": [
    "2002-2003",
    "2003-2004",
    "2004-2005",
    "2005-2006",
    "2006-2007",
    "2007-2008",
    "2008-2009",
    "2009-2010",
    "2010-2011",
    "2011-2012",
    "2012-2013",
    "2013-2014",
    "2014-2015"
  ],
  "val_seasons": [
    "2015-2016"
  ],
  "eval_season": "2015-2016",
  "eval_samples": 23491,
  "eval_rmse_M": 1.197416232333475,
  "eval_mae_M": 0.41814663720581,
  "eval_r2": 0.8927385066100157,
  "eval_mape": 47.34556070461304,
  "eval_mdape": 32.60028839111328,
  "eval_within_10pct": 16.933638443935926,
  "eval_within_25pct": 40.05134788189987,
  "eval_within_50pct": 68.16989451359045,
  "season": "2015-2016",
  "cutoff_date": "2015-07-01T00:00:00",
  "min_valuations": 5,
  "cutoff_months": 12,
  "full_dataset_size": 536494,
  "filtered_dataset_size": 109501
}