{
  "train_rmse": 0.943074734119965,
  "val_rmse": 2.3926904409943797,
  "train_mae": 0.3921433403207437,
  "val_mae": 0.5430337934035742,
  "train_mape": 42.801647962127966,
  "val_mape": 45.34816932381758,
  "train_mdape": 30.335306376218796,
  "val_mdape": 31.41818046569825,
  "num_train_samples": 170566,
  "num_val_samples": 38150,
  "num_features": 64,
  "train_seasons": [
    "2002-2003",
    "2003-2004",
    "2004-2005",
    "2005-2006",
    "2006-2007",
    "2007-2008",
    "2008-2009",
    "2009-2010",
    "2010-2011",
    "2011-2012",
    "2012-2013",
    "2013-2014",
    "2014-2015",
    "2015-2016",
    "2016-2017",
    "2017-2018"
  ],
  "val_seasons": [
    "2018-2019"
  ],
  "eval_season": "2018-2019",
  "eval_samples": 38150,
  "eval_rmse_M": 2.392651250300367,
  "eval_mae_M": 0.5426604327693877,
  "eval_r2": 0.8066763192525508,
  "eval_mape": 45.25364899348135,
  "eval_mdape": 31.418180465698242,
  "eval_within_10pct": 17.171680516747106,
  "eval_within_25pct": 41.25630511303843,
  "eval_within_50pct": 70.22172224843052,
  "season": "2018-2019",
  "cutoff_date": "2018-07-01T00:00:00",
  "min_valuations": 5,
  "cutoff_months": 12,
  "full_dataset_size": 536494,
  "filtered_dataset_size": 208716
}