{
  "train_rmse": 1.1018978779580073,
  "val_rmse": 1.7074003737224122,
  "train_mae": 0.35877724897422825,
  "val_mae": 0.3720523154960961,
  "train_mape": 42.06411780605696,
  "val_mape": 43.59773437689448,
  "train_mdape": 30.369762579600017,
  "val_mdape": 32.53386616706848,
  "num_train_samples": 417273,
  "num_val_samples": 60262,
  "num_features": 71,
  "train_seasons": [
    "2002-2003",
    "2003-2004",
    "2004-2005",
    "2005-2006",
    "2006-2007",
    "2007-2008",
    "2008-2009",
    "2009-2010",
    "2010-2011",
    "2011-2012",
    "2012-2013",
    "2013-2014",
    "2014-2015",
    "2015-2016",
    "2016-2017",
    "2017-2018",
    "2018-2019",
    "2019-2020",
    "2020-2021",
    "2021-2022",
    "2022-2023"
  ],
  "val_seasons": [
    "2023-2024"
  ],
  "eval_season": "2023-2024",
  "eval_samples": 60262,
  "eval_rmse_M": 1.7073622552602554,
  "eval_mae_M": 0.37170361191942936,
  "eval_r2": 0.8555656790186592,
  "eval_mape": 43.55869885736153,
  "eval_mdape": 32.533870697021484,
  "eval_within_10pct": 16.892395112128654,
  "eval_within_25pct": 40.01875706838055,
  "eval_within_50pct": 68.98463575428241,
  "season": "2023-2024",
  "cutoff_date": "2023-07-01T00:00:00",
  "min_valuations": 5,
  "cutoff_months": 12,
  "full_dataset_size": 536494,
  "filtered_dataset_size": 477535
}