{
  "train_rmse": 1.0794537110741476,
  "val_rmse": 1.7303085312878292,
  "train_mae": 0.3658019055001445,
  "val_mae": 0.35061967406206695,
  "train_mape": 42.35257503347294,
  "val_mape": 42.10507697516722,
  "train_mdape": 30.463857120937774,
  "val_mdape": 31.31999522447586,
  "num_train_samples": 356706,
  "num_val_samples": 60567,
  "num_features": 66,
  "train_seasons": [
    "2002-2003",
    "2003-2004",
    "2004-2005",
    "2005-2006",
    "2006-2007",
    "2007-2008",
    "2008-2009",
    "2009-2010",
    "2010-2011",
    "2011-2012",
    "2012-2013",
    "2013-2014",
    "2014-2015",
    "2015-2016",
    "2016-2017",
    "2017-2018",
    "2018-2019",
    "2019-2020",
    "2020-2021",
    "2021-2022"
  ],
  "val_seasons": [
    "2022-2023"
  ],
  "eval_season": "2022-2023",
  "eval_samples": 60567,
  "eval_rmse_M": 1.7302931977604368,
  "eval_mae_M": 0.35027477695322146,
  "eval_r2": 0.8246094151389716,
  "eval_mape": 42.07161436445755,
  "eval_mdape": 31.319992065429688,
  "eval_within_10pct": 16.775708773695687,
  "eval_within_25pct": 40.70066543644803,
  "eval_within_50pct": 71.42817200693395,
  "season": "2022-2023",
  "cutoff_date": "2022-07-01T00:00:00",
  "min_valuations": 5,
  "cutoff_months": 12,
  "full_dataset_size": 536494,
  "filtered_dataset_size": 417273
}