{
  "season": "2015-2016",
  "weighted_average": {
    "total_eval_samples": 23489,
    "total_train_samples": 86004,
    "total_val_samples": 23489,
    "val_rmse": 0.7211218966206575,
    "val_mae": 0.4030225423283725,
    "val_mape": 45.47228325905257,
    "val_mdape": 31.555864556365464,
    "eval_rmse_M": 0.7210235774148169,
    "eval_mae_M": 0.40281409328407264,
    "eval_r2": 0.3465861737851502,
    "eval_mape": 45.43912899859266,
    "eval_mdape": 31.555866176574856,
    "eval_within_10pct": 17.61218418207994,
    "eval_within_25pct": 41.147224251786405,
    "eval_within_50pct": 69.21633769906944
  },
  "segments": {
    "under_1M": {
      "train_rmse": 0.39296633403330655,
      "val_rmse": 0.375934261196796,
      "train_mae": 0.20455316849039631,
      "val_mae": 0.17863046263721225,
      "train_mape": 41.93018104437759,
      "val_mape": 45.712713034188596,
      "train_mdape": 31.828247873406657,
      "val_mdape": 32.30482737223308,
      "num_train_samples": 66388,
      "num_val_samples": 18879,
      "num_features": 66,
      "train_seasons": [
        "2002-2003",
        "2003-2004",
        "2004-2005",
        "2005-2006",
        "2006-2007",
        "2007-2008",
        "2008-2009",
        "2009-2010",
        "2010-2011",
        "2011-2012",
        "2012-2013",
        "2013-2014",
        "2014-2015"
      ],
      "val_seasons": [
        "2015-2016"
      ],
      "eval_season": "2015-2016",
      "eval_samples": 18879,
      "eval_rmse_M": 0.3758119334569052,
      "eval_mae_M": 0.17837111349220425,
      "eval_r2": 0.28119751696524997,
      "eval_mape": 45.67146325203821,
      "eval_mdape": 32.30482864379883,
      "eval_within_10pct": 16.886227544910177,
      "eval_within_25pct": 40.112275449101794,
      "eval_within_50pct": 68.53293413173652,
      "segment": "under_1M",
      "status": "trained",
      "season": "2015-2016",
      "segment_range": "\u20ac0M \u2013 \u20ac1M",
      "total_segment_samples": 85267
    },
    "1M_10M": {
      "train_rmse": 1.1386226744203882,
      "val_rmse": 1.7078866298184552,
      "train_mae": 0.7581850946166732,
      "val_mae": 1.006005397168784,
      "train_mape": 34.662318309764096,
      "val_mape": 46.106263331773654,
      "train_mdape": 21.464659912245615,
      "val_mdape": 29.450138409932453,
      "num_train_samples": 17757,
      "num_val_samples": 4191,
      "num_features": 66,
      "train_seasons": [
        "2005-2006",
        "2006-2007",
        "2007-2008",
        "2008-2009",
        "2009-2010",
        "2010-2011",
        "2011-2012",
        "2012-2013",
        "2013-2014",
        "2014-2015"
      ],
      "val_seasons": [
        "2015-2016"
      ],
      "eval_season": "2015-2016",
      "eval_samples": 4191,
      "eval_rmse_M": 1.707886629635729,
      "eval_mae_M": 1.0060053951350296,
      "eval_r2": 0.5962954583891737,
      "eval_mape": 46.10626220703125,
      "eval_mdape": 29.45014190673828,
      "eval_within_10pct": 19.796954314720814,
      "eval_within_25pct": 43.824027072758035,
      "eval_within_50pct": 70.38917089678512,
      "segment": "1M_10M",
      "status": "trained",
      "season": "2015-2016",
      "segment_range": "\u20ac1M \u2013 \u20ac10M",
      "total_segment_samples": 21948
    },
    "10M_100M": {
      "train_rmse": 1.2380101634115614,
      "val_rmse": 6.404335195749799,
      "train_mae": 0.7763403500582082,
      "val_mae": 4.482251487085529,
      "train_mape": 5.016859829676203,
      "val_mape": 28.29785793788993,
      "train_mdape": 3.0531828744070872,
      "val_mdape": 18.87192488795492,
      "num_train_samples": 1859,
      "num_val_samples": 419,
      "num_features": 66,
      "train_seasons": [
        "2005-2006",
        "2006-2007",
        "2007-2008",
        "2008-2009",
        "2009-2010",
        "2010-2011",
        "2011-2012",
        "2012-2013",
        "2013-2014",
        "2014-2015"
      ],
      "val_seasons": [
        "2015-2016"
      ],
      "eval_season": "2015-2016",
      "eval_samples": 419,
      "eval_rmse_M": 6.404335210883962,
      "eval_mae_M": 4.482251490499638,
      "eval_r2": 0.795132332084515,
      "eval_mape": 28.297855377197266,
      "eval_mdape": 18.871923446655273,
      "eval_within_10pct": 28.4688995215311,
      "eval_within_25pct": 61.004784688995215,
      "eval_within_50pct": 88.27751196172248,
      "segment": "10M_100M",
      "status": "trained",
      "season": "2015-2016",
      "segment_range": "\u20ac10M \u2013 \u20ac100M",
      "total_segment_samples": 2278
    },
    "over_100M": {
      "segment": "over_100M",
      "status": "skipped",
      "reason": "insufficient samples (8)",
      "samples": 8
    }
  }
}