{
  "season": "2020-2021",
  "weighted_average": {
    "total_eval_samples": 48050,
    "total_train_samples": 253237,
    "total_val_samples": 48050,
    "val_rmse": 1.005954040193905,
    "val_mae": 0.42486180651523064,
    "val_mape": 39.32029941409825,
    "val_mdape": 30.86948202405491,
    "eval_rmse_M": 1.0059064916953635,
    "eval_mae_M": 0.42451189963127406,
    "eval_r2": 0.19755841762264806,
    "eval_mape": 39.29682101388068,
    "eval_mdape": 30.869481597686036,
    "eval_within_10pct": 16.56959716263472,
    "eval_within_25pct": 40.98386156351388,
    "eval_within_50pct": 73.87571734857629
  },
  "segments": {
    "under_1M": {
      "train_rmse": 0.40358595843000855,
      "val_rmse": 0.5584977323805345,
      "train_mae": 0.16789438439696858,
      "val_mae": 0.1557209098202926,
      "train_mape": 39.56039386024765,
      "val_mape": 38.723944047098854,
      "train_mdape": 28.89831513166427,
      "val_mdape": 30.446338227816987,
      "num_train_samples": 206513,
      "num_val_samples": 42565,
      "num_features": 66,
      "train_seasons": [
        "2002-2003",
        "2003-2004",
        "2004-2005",
        "2005-2006",
        "2006-2007",
        "2007-2008",
        "2008-2009",
        "2009-2010",
        "2010-2011",
        "2011-2012",
        "2012-2013",
        "2013-2014",
        "2014-2015",
        "2015-2016",
        "2016-2017",
        "2017-2018",
        "2018-2019",
        "2019-2020"
      ],
      "val_seasons": [
        "2020-2021"
      ],
      "eval_season": "2020-2021",
      "eval_samples": 42565,
      "eval_rmse_M": 0.558444056890455,
      "eval_mae_M": 0.1553259132106017,
      "eval_r2": 0.18117607165400818,
      "eval_mape": 38.69743994808876,
      "eval_mdape": 30.446337699890137,
      "eval_within_10pct": 16.84942596408596,
      "eval_within_25pct": 41.49249337650868,
      "eval_within_50pct": 74.4259640859582,
      "segment": "under_1M",
      "status": "trained",
      "season": "2020-2021",
      "segment_range": "\u20ac0M \u2013 \u20ac1M",
      "total_segment_samples": 249078
    },
    "1M_10M": {
      "train_rmse": 1.4691168312720337,
      "val_rmse": 3.2201773796378617,
      "train_mae": 0.8832494499255745,
      "val_mae": 1.5399501671602278,
      "train_mape": 40.74360462425118,
      "val_mape": 45.40760230764647,
      "train_mdape": 25.649090487547593,
      "val_mdape": 34.88949555339236,
      "num_train_samples": 41606,
      "num_val_samples": 4644,
      "num_features": 66,
      "train_seasons": [
        "2005-2006",
        "2006-2007",
        "2007-2008",
        "2008-2009",
        "2009-2010",
        "2010-2011",
        "2011-2012",
        "2012-2013",
        "2013-2014",
        "2014-2015",
        "2015-2016",
        "2016-2017",
        "2017-2018",
        "2018-2019",
        "2019-2020"
      ],
      "val_seasons": [
        "2020-2021"
      ],
      "eval_season": "2020-2021",
      "eval_samples": 4644,
      "eval_rmse_M": 3.2201773783805616,
      "eval_mae_M": 1.5399501670896365,
      "eval_r2": 0.2807801358627027,
      "eval_mape": 45.4076042175293,
      "eval_mdape": 34.889495849609375,
      "eval_within_10pct": 13.904678618277218,
      "eval_within_25pct": 36.379536510712725,
      "eval_within_50pct": 68.38653257542632,
      "segment": "1M_10M",
      "status": "trained",
      "season": "2020-2021",
      "segment_range": "\u20ac1M \u2013 \u20ac10M",
      "total_segment_samples": 46250
    },
    "10M_100M": {
      "train_rmse": 2.660739065428717,
      "val_rmse": 11.333434485748498,
      "train_mae": 1.9082873039279438,
      "val_mae": 7.772333455315003,
      "train_mape": 12.749545829797112,
      "val_mape": 36.06933858334843,
      "train_mdape": 7.862126214163645,
      "val_mdape": 30.249592992994522,
      "num_train_samples": 5074,
      "num_val_samples": 832,
      "num_features": 66,
      "train_seasons": [
        "2005-2006",
        "2006-2007",
        "2007-2008",
        "2008-2009",
        "2009-2010",
        "2010-2011",
        "2011-2012",
        "2012-2013",
        "2013-2014",
        "2014-2015",
        "2015-2016",
        "2016-2017",
        "2017-2018",
        "2018-2019",
        "2019-2020"
      ],
      "val_seasons": [
        "2020-2021"
      ],
      "eval_season": "2020-2021",
      "eval_samples": 832,
      "eval_rmse_M": 11.333434475595471,
      "eval_mae_M": 7.772333452449396,
      "eval_r2": 0.5709347020720091,
      "eval_mape": 36.069339752197266,
      "eval_mdape": 30.24959373474121,
      "eval_within_10pct": 17.1875,
      "eval_within_25pct": 40.26442307692308,
      "eval_within_50pct": 76.08173076923077,
      "segment": "10M_100M",
      "status": "trained",
      "season": "2020-2021",
      "segment_range": "\u20ac10M \u2013 \u20ac100M",
      "total_segment_samples": 5906
    },
    "over_100M": {
      "train_rmse": 0.8530320606876318,
      "val_rmse": 19.968267706522518,
      "train_mae": 0.37068106911399146,
      "val_mae": 18.69325171576606,
      "train_mape": 0.3044242884758941,
      "val_mape": 19.23485162246028,
      "train_mdape": 0.06453996546128217,
      "val_mdape": 15.082874298095703,
      "num_train_samples": 44,
      "num_val_samples": 9,
      "num_features": 66,
      "train_seasons": [
        "2011-2012",
        "2012-2013",
        "2013-2014",
        "2014-2015",
        "2015-2016",
        "2016-2017",
        "2017-2018",
        "2018-2019",
        "2019-2020"
      ],
      "val_seasons": [
        "2020-2021"
      ],
      "eval_season": "2020-2021",
      "eval_samples": 9,
      "eval_rmse_M": 19.96826839169401,
      "eval_mae_M": 18.693252563476562,
      "eval_r2": 0.21798374945324894,
      "eval_mape": 19.234851837158203,
      "eval_mdape": 15.082873344421387,
      "eval_within_10pct": 11.11111111111111,
      "eval_within_25pct": 77.77777777777779,
      "eval_within_50pct": 100.0,
      "segment": "over_100M",
      "status": "trained",
      "season": "2020-2021",
      "segment_range": "\u2265\u20ac100M",
      "total_segment_samples": 53
    }
  }
}