{
  "train_rmse": 0.13520578725953794,
  "val_rmse": 2.404147531305916,
  "train_mae": 0.09208409850328726,
  "val_mae": 1.1993687715313128,
  "train_mape": 11.733996619993949,
  "val_mape": 84.87213212129933,
  "train_mdape": 5.508171319961548,
  "val_mdape": 53.888726234436035,
  "num_train_samples": 880,
  "num_val_samples": 1445,
  "num_features": 66,
  "train_seasons": [
    "2002-2003",
    "2003-2004",
    "2004-2005",
    "2005-2006"
  ],
  "val_seasons": [
    "2006-2007"
  ],
  "eval_season": "2006-2007",
  "eval_samples": 1445,
  "eval_rmse_M": 2.402833124692078,
  "eval_mae_M": 1.1948034594551693,
  "eval_r2": 0.6914467032676646,
  "eval_mape": 84.55362398573759,
  "eval_mdape": 53.88872528076172,
  "eval_within_10pct": 10.912906610703043,
  "eval_within_25pct": 24.34417628541448,
  "eval_within_50pct": 46.799580272822666,
  "season": "2006-2007",
  "cutoff_date": "2006-07-01T00:00:00",
  "min_valuations": 5,
  "cutoff_months": 12,
  "full_dataset_size": 536494,
  "filtered_dataset_size": 2325
}