{
  "train_rmse": 0.9530737838162111,
  "val_rmse": 2.411018531994565,
  "train_mae": 0.39428915455218677,
  "val_mae": 0.5440210718593591,
  "train_mape": 42.67583473574864,
  "val_mape": 45.687176069989555,
  "train_mdape": 30.162055790424347,
  "val_mdape": 31.18720054626465,
  "num_train_samples": 170566,
  "num_val_samples": 38150,
  "num_features": 71,
  "train_seasons": [
    "2002-2003",
    "2003-2004",
    "2004-2005",
    "2005-2006",
    "2006-2007",
    "2007-2008",
    "2008-2009",
    "2009-2010",
    "2010-2011",
    "2011-2012",
    "2012-2013",
    "2013-2014",
    "2014-2015",
    "2015-2016",
    "2016-2017",
    "2017-2018"
  ],
  "val_seasons": [
    "2018-2019"
  ],
  "eval_season": "2018-2019",
  "eval_samples": 38150,
  "eval_rmse_M": 2.411008924951976,
  "eval_mae_M": 0.5439734638709504,
  "eval_r2": 0.803698377503038,
  "eval_mape": 45.66357383778489,
  "eval_mdape": 31.18720054626465,
  "eval_within_10pct": 17.371266828754944,
  "eval_within_25pct": 41.15469753601626,
  "eval_within_50pct": 69.94955909569256,
  "season": "2018-2019",
  "cutoff_date": "2018-07-01T00:00:00",
  "min_valuations": 5,
  "cutoff_months": 12,
  "full_dataset_size": 536494,
  "filtered_dataset_size": 208716
}