{
  "train_rmse": 0.8435264444140239,
  "val_rmse": 2.344232967675888,
  "train_mae": 0.38001354990163777,
  "val_mae": 0.4856478797185636,
  "train_mape": 41.88295816756412,
  "val_mape": 43.969002203109106,
  "train_mdape": 29.865718417697483,
  "val_mdape": 30.470408002535503,
  "num_train_samples": 137469,
  "num_val_samples": 33097,
  "num_features": 66,
  "train_seasons": [
    "2002-2003",
    "2003-2004",
    "2004-2005",
    "2005-2006",
    "2006-2007",
    "2007-2008",
    "2008-2009",
    "2009-2010",
    "2010-2011",
    "2011-2012",
    "2012-2013",
    "2013-2014",
    "2014-2015",
    "2015-2016",
    "2016-2017"
  ],
  "val_seasons": [
    "2017-2018"
  ],
  "eval_season": "2017-2018",
  "eval_samples": 33097,
  "eval_rmse_M": 2.3442190788347053,
  "eval_mae_M": 0.4855836651255869,
  "eval_r2": 0.7842452117580359,
  "eval_mape": 43.95986829679797,
  "eval_mdape": 30.470406532287598,
  "eval_within_10pct": 18.204746547589515,
  "eval_within_25pct": 42.52046638551228,
  "eval_within_50pct": 70.35888530554867,
  "season": "2017-2018",
  "cutoff_date": "2017-07-01T00:00:00",
  "min_valuations": 5,
  "cutoff_months": 12,
  "full_dataset_size": 536494,
  "filtered_dataset_size": 170566
}