{
  "train_rmse": 1.070875644379106,
  "val_rmse": 1.7333821962443714,
  "train_mae": 0.36461274632426366,
  "val_mae": 0.34991863379368543,
  "train_mape": 42.368693936247695,
  "val_mape": 43.019963166899146,
  "train_mdape": 30.38332760334015,
  "val_mdape": 31.807257731755577,
  "num_train_samples": 356706,
  "num_val_samples": 60567,
  "num_features": 64,
  "train_seasons": [
    "2002-2003",
    "2003-2004",
    "2004-2005",
    "2005-2006",
    "2006-2007",
    "2007-2008",
    "2008-2009",
    "2009-2010",
    "2010-2011",
    "2011-2012",
    "2012-2013",
    "2013-2014",
    "2014-2015",
    "2015-2016",
    "2016-2017",
    "2017-2018",
    "2018-2019",
    "2019-2020",
    "2020-2021",
    "2021-2022"
  ],
  "val_seasons": [
    "2022-2023"
  ],
  "eval_season": "2022-2023",
  "eval_samples": 60567,
  "eval_rmse_M": 1.7333465025603043,
  "eval_mae_M": 0.34930029343551444,
  "eval_r2": 0.823989874577918,
  "eval_mape": 42.98513078804612,
  "eval_mdape": 31.807257652282715,
  "eval_within_10pct": 16.65827881227982,
  "eval_within_25pct": 40.40988648437063,
  "eval_within_50pct": 70.34613879103058,
  "season": "2022-2023",
  "cutoff_date": "2022-07-01T00:00:00",
  "min_valuations": 5,
  "cutoff_months": 12,
  "full_dataset_size": 536494,
  "filtered_dataset_size": 417273
}