{
  "train_rmse": 0.14768473299356488,
  "val_rmse": 2.384898492570985,
  "train_mae": 0.10157725921496008,
  "val_mae": 1.1768699616950866,
  "train_mape": 12.971604689846192,
  "val_mape": 82.29134835059288,
  "train_mdape": 6.456839044888817,
  "val_mdape": 54.408575506771314,
  "num_train_samples": 880,
  "num_val_samples": 1445,
  "num_features": 66,
  "train_seasons": [
    "2002-2003",
    "2003-2004",
    "2004-2005",
    "2005-2006"
  ],
  "val_seasons": [
    "2006-2007"
  ],
  "eval_season": "2006-2007",
  "eval_samples": 1445,
  "eval_rmse_M": 2.383735706653351,
  "eval_mae_M": 1.172508055860051,
  "eval_r2": 0.6963318986011993,
  "eval_mape": 81.89391726450282,
  "eval_mdape": 54.408573150634766,
  "eval_within_10pct": 10.283315844700944,
  "eval_within_25pct": 23.6096537250787,
  "eval_within_50pct": 47.42917103882476,
  "season": "2006-2007",
  "cutoff_date": "2006-07-01T00:00:00",
  "min_valuations": 5,
  "cutoff_months": 12,
  "full_dataset_size": 536494,
  "filtered_dataset_size": 2325
}