{
  "train_rmse": 1.0230989989554002,
  "val_rmse": 3.1465698358251353,
  "train_mae": 0.39694421133267316,
  "val_mae": 0.9800533607971857,
  "train_mape": 43.494246154446344,
  "val_mape": 98.38170070130357,
  "train_mdape": 30.821822749243843,
  "val_mdape": 42.93126960595448,
  "num_train_samples": 208716,
  "num_val_samples": 44521,
  "num_features": 66,
  "train_seasons": [
    "2002-2003",
    "2003-2004",
    "2004-2005",
    "2005-2006",
    "2006-2007",
    "2007-2008",
    "2008-2009",
    "2009-2010",
    "2010-2011",
    "2011-2012",
    "2012-2013",
    "2013-2014",
    "2014-2015",
    "2015-2016",
    "2016-2017",
    "2017-2018",
    "2018-2019"
  ],
  "val_seasons": [
    "2019-2020"
  ],
  "eval_season": "2019-2020",
  "eval_samples": 44521,
  "eval_rmse_M": 3.146544424819532,
  "eval_mae_M": 0.9793454676482894,
  "eval_r2": 0.46360282090666116,
  "eval_mape": 98.30114578069187,
  "eval_mdape": 42.931270599365234,
  "eval_within_10pct": 13.788250695467191,
  "eval_within_25pct": 32.534773359515626,
  "eval_within_50pct": 55.21518573064965,
  "season": "2019-2020",
  "cutoff_date": "2019-07-01T00:00:00",
  "min_valuations": 5,
  "cutoff_months": 12,
  "full_dataset_size": 536494,
  "filtered_dataset_size": 253237
}