{
  "train_rmse": 0.4677340430840477,
  "val_rmse": 2.0565619588738424,
  "train_mae": 0.2912401429408049,
  "val_mae": 1.0440291910625346,
  "train_mape": 28.29676610478514,
  "val_mape": 74.66368718915587,
  "train_mdape": 16.79615693933824,
  "val_mdape": 48.0685532093048,
  "num_train_samples": 2325,
  "num_val_samples": 2050,
  "num_features": 71,
  "train_seasons": [
    "2002-2003",
    "2003-2004",
    "2004-2005",
    "2005-2006",
    "2006-2007"
  ],
  "val_seasons": [
    "2007-2008"
  ],
  "eval_season": "2007-2008",
  "eval_samples": 2050,
  "eval_rmse_M": 2.056131001285023,
  "eval_mae_M": 1.0410680269664634,
  "eval_r2": 0.790246669860983,
  "eval_mape": 74.10035970366442,
  "eval_mdape": 48.068552017211914,
  "eval_within_10pct": 11.175710594315245,
  "eval_within_25pct": 26.48578811369509,
  "eval_within_50pct": 51.61498708010336,
  "season": "2007-2008",
  "cutoff_date": "2007-07-01T00:00:00",
  "min_valuations": 5,
  "cutoff_months": 12,
  "full_dataset_size": 536494,
  "filtered_dataset_size": 4375
}