{
  "train_rmse": 1.0588056077740826,
  "val_rmse": 1.7287148612591443,
  "train_mae": 0.362476333504163,
  "val_mae": 0.35041250507648364,
  "train_mape": 42.578833206315004,
  "val_mape": 42.88393222405805,
  "train_mdape": 30.63771819311475,
  "val_mdape": 31.904052694638573,
  "num_train_samples": 356706,
  "num_val_samples": 60567,
  "num_features": 66,
  "train_seasons": [
    "2002-2003",
    "2003-2004",
    "2004-2005",
    "2005-2006",
    "2006-2007",
    "2007-2008",
    "2008-2009",
    "2009-2010",
    "2010-2011",
    "2011-2012",
    "2012-2013",
    "2013-2014",
    "2014-2015",
    "2015-2016",
    "2016-2017",
    "2017-2018",
    "2018-2019",
    "2019-2020",
    "2020-2021",
    "2021-2022"
  ],
  "val_seasons": [
    "2022-2023"
  ],
  "eval_season": "2022-2023",
  "eval_samples": 60567,
  "eval_rmse_M": 1.728673324889549,
  "eval_mae_M": 0.3499583322771749,
  "eval_r2": 0.8249376571510872,
  "eval_mape": 42.8476507797221,
  "eval_mdape": 31.904051780700684,
  "eval_within_10pct": 16.45697030699547,
  "eval_within_25pct": 40.233741542246825,
  "eval_within_50pct": 70.40205782027624,
  "season": "2022-2023",
  "cutoff_date": "2022-07-01T00:00:00",
  "min_valuations": 5,
  "cutoff_months": 12,
  "full_dataset_size": 536494,
  "filtered_dataset_size": 417273
}