{
  "train_rmse": 1.0524919673746933,
  "val_rmse": 2.690198646767598,
  "train_mae": 0.4031056640629398,
  "val_mae": 0.8355068816555503,
  "train_mape": 43.45687378228093,
  "val_mape": 90.26672546249131,
  "train_mdape": 30.695327428671032,
  "val_mdape": 43.36760227496807,
  "num_train_samples": 208716,
  "num_val_samples": 44521,
  "num_features": 64,
  "train_seasons": [
    "2002-2003",
    "2003-2004",
    "2004-2005",
    "2005-2006",
    "2006-2007",
    "2007-2008",
    "2008-2009",
    "2009-2010",
    "2010-2011",
    "2011-2012",
    "2012-2013",
    "2013-2014",
    "2014-2015",
    "2015-2016",
    "2016-2017",
    "2017-2018",
    "2018-2019"
  ],
  "val_seasons": [
    "2019-2020"
  ],
  "eval_season": "2019-2020",
  "eval_samples": 44521,
  "eval_rmse_M": 2.6899350973602623,
  "eval_mae_M": 0.8350756220452804,
  "eval_r2": 0.6079853000549259,
  "eval_mape": 90.24071959456235,
  "eval_mdape": 43.36760711669922,
  "eval_within_10pct": 13.608247422680412,
  "eval_within_25pct": 32.05367370315824,
  "eval_within_50pct": 54.662084765177546,
  "season": "2019-2020",
  "cutoff_date": "2019-07-01T00:00:00",
  "min_valuations": 5,
  "cutoff_months": 12,
  "full_dataset_size": 536494,
  "filtered_dataset_size": 253237
}