{
  "train_rmse": 1.0292196729089191,
  "val_rmse": 1.971057927965099,
  "train_mae": 0.3778700479282898,
  "val_mae": 0.4277127287222053,
  "train_mape": 42.139702929634275,
  "val_mape": 38.57852778310774,
  "train_mdape": 30.05581200122834,
  "val_mdape": 32.62534588575364,
  "num_train_samples": 253237,
  "num_val_samples": 48050,
  "num_features": 66,
  "train_seasons": [
    "2002-2003",
    "2003-2004",
    "2004-2005",
    "2005-2006",
    "2006-2007",
    "2007-2008",
    "2008-2009",
    "2009-2010",
    "2010-2011",
    "2011-2012",
    "2012-2013",
    "2013-2014",
    "2014-2015",
    "2015-2016",
    "2016-2017",
    "2017-2018",
    "2018-2019",
    "2019-2020"
  ],
  "val_seasons": [
    "2020-2021"
  ],
  "eval_season": "2020-2021",
  "eval_samples": 48050,
  "eval_rmse_M": 1.9710500037647216,
  "eval_mae_M": 0.4276247869650208,
  "eval_r2": 0.7914240069833529,
  "eval_mape": 38.56507131269193,
  "eval_mdape": 32.625343322753906,
  "eval_within_10pct": 14.991868920867724,
  "eval_within_25pct": 38.63950170292412,
  "eval_within_50pct": 72.42183424871898,
  "season": "2020-2021",
  "cutoff_date": "2020-07-01T00:00:00",
  "min_valuations": 5,
  "cutoff_months": 12,
  "full_dataset_size": 536494,
  "filtered_dataset_size": 301287
}