{
  "train_rmse": 0.8514117144688566,
  "val_rmse": 2.376468135306948,
  "train_mae": 0.3828619382772906,
  "val_mae": 0.4895968689404401,
  "train_mape": 42.19535808552219,
  "val_mape": 44.237949006049135,
  "train_mdape": 30.07419208685557,
  "val_mdape": 30.611892839272812,
  "num_train_samples": 137469,
  "num_val_samples": 33097,
  "num_features": 64,
  "train_seasons": [
    "2002-2003",
    "2003-2004",
    "2004-2005",
    "2005-2006",
    "2006-2007",
    "2007-2008",
    "2008-2009",
    "2009-2010",
    "2010-2011",
    "2011-2012",
    "2012-2013",
    "2013-2014",
    "2014-2015",
    "2015-2016",
    "2016-2017"
  ],
  "val_seasons": [
    "2017-2018"
  ],
  "eval_season": "2017-2018",
  "eval_samples": 33097,
  "eval_rmse_M": 2.376455004132932,
  "eval_mae_M": 0.4894868539412451,
  "eval_r2": 0.7782706203679117,
  "eval_mape": 44.21905372229651,
  "eval_mdape": 30.611891746520996,
  "eval_within_10pct": 17.69618787728438,
  "eval_within_25pct": 42.18142727197552,
  "eval_within_50pct": 70.1935003721161,
  "season": "2017-2018",
  "cutoff_date": "2017-07-01T00:00:00",
  "min_valuations": 5,
  "cutoff_months": 12,
  "full_dataset_size": 536494,
  "filtered_dataset_size": 170566
}