{
  "train_rmse": 0.8250942512299514,
  "val_rmse": 1.16540475397247,
  "train_mae": 0.4039812297374203,
  "val_mae": 0.405053636577802,
  "train_mape": 43.58662864044225,
  "val_mape": 46.90250266982006,
  "train_mdape": 31.178907553354897,
  "val_mdape": 32.610265910625465,
  "num_train_samples": 86010,
  "num_val_samples": 23491,
  "num_features": 66,
  "train_seasons": [
    "2002-2003",
    "2003-2004",
    "2004-2005",
    "2005-2006",
    "2006-2007",
    "2007-2008",
    "2008-2009",
    "2009-2010",
    "2010-2011",
    "2011-2012",
    "2012-2013",
    "2013-2014",
    "2014-2015"
  ],
  "val_seasons": [
    "2015-2016"
  ],
  "eval_season": "2015-2016",
  "eval_samples": 23491,
  "eval_rmse_M": 1.16539912533029,
  "eval_mae_M": 0.4050013053037392,
  "eval_r2": 0.8983978419606309,
  "eval_mape": 46.8946557992288,
  "eval_mdape": 32.61026382446289,
  "eval_within_10pct": 16.805268739186246,
  "eval_within_25pct": 39.72763297427024,
  "eval_within_50pct": 68.14756934754702,
  "season": "2015-2016",
  "cutoff_date": "2015-07-01T00:00:00",
  "min_valuations": 5,
  "cutoff_months": 12,
  "full_dataset_size": 536494,
  "filtered_dataset_size": 109501
}