{
  "train_rmse": 1.0414764793522613,
  "val_rmse": 1.9412818301119417,
  "train_mae": 0.380095009038508,
  "val_mae": 0.42392456276540297,
  "train_mape": 42.18246557412298,
  "val_mape": 38.7761953491158,
  "train_mdape": 30.066824795907,
  "val_mdape": 32.72428512573243,
  "num_train_samples": 253237,
  "num_val_samples": 48050,
  "num_features": 66,
  "train_seasons": [
    "2002-2003",
    "2003-2004",
    "2004-2005",
    "2005-2006",
    "2006-2007",
    "2007-2008",
    "2008-2009",
    "2009-2010",
    "2010-2011",
    "2011-2012",
    "2012-2013",
    "2013-2014",
    "2014-2015",
    "2015-2016",
    "2016-2017",
    "2017-2018",
    "2018-2019",
    "2019-2020"
  ],
  "val_seasons": [
    "2020-2021"
  ],
  "eval_season": "2020-2021",
  "eval_samples": 48050,
  "eval_rmse_M": 1.9412704435240093,
  "eval_mae_M": 0.4236221733155764,
  "eval_r2": 0.7976789266359396,
  "eval_mape": 38.74177696571688,
  "eval_mdape": 32.724281311035156,
  "eval_within_10pct": 14.847657328710381,
  "eval_within_25pct": 38.18845693596391,
  "eval_within_50pct": 72.55990917738025,
  "season": "2020-2021",
  "cutoff_date": "2020-07-01T00:00:00",
  "min_valuations": 5,
  "cutoff_months": 12,
  "full_dataset_size": 536494,
  "filtered_dataset_size": 301287
}