{
  "train_rmse": 0.8072770596219287,
  "val_rmse": 1.0969367923684288,
  "train_mae": 0.42441982811717743,
  "val_mae": 0.42032411757938376,
  "train_mape": 44.16395457639573,
  "val_mape": 46.9755332515455,
  "train_mdape": 31.312217712402347,
  "val_mdape": 32.558906732535945,
  "num_train_samples": 49178,
  "num_val_samples": 16928,
  "num_features": 66,
  "train_seasons": [
    "2002-2003",
    "2003-2004",
    "2004-2005",
    "2005-2006",
    "2006-2007",
    "2007-2008",
    "2008-2009",
    "2009-2010",
    "2010-2011",
    "2011-2012",
    "2012-2013"
  ],
  "val_seasons": [
    "2013-2014"
  ],
  "eval_season": "2013-2014",
  "eval_samples": 16928,
  "eval_rmse_M": 1.096898520439449,
  "eval_mae_M": 0.4199721956366049,
  "eval_r2": 0.9084913698961957,
  "eval_mape": 46.93677389295239,
  "eval_mdape": 32.55890464782715,
  "eval_within_10pct": 16.75671112611852,
  "eval_within_25pct": 40.055715009285834,
  "eval_within_50pct": 67.95542799257133,
  "season": "2013-2014",
  "cutoff_date": "2013-07-01T00:00:00",
  "min_valuations": 5,
  "cutoff_months": 12,
  "full_dataset_size": 536494,
  "filtered_dataset_size": 66106
}