{
  "season": "2023-2024",
  "weighted_average": {
    "total_eval_samples": 60262,
    "total_train_samples": 417273,
    "total_val_samples": 60262,
    "val_rmse": 0.9107471273493282,
    "val_mae": 0.3855315036012615,
    "val_mape": 47.595085657750154,
    "val_mdape": 31.582292764988797,
    "eval_rmse_M": 0.9107219869572152,
    "eval_mae_M": 0.385198547520668,
    "eval_r2": 0.272777586202335,
    "eval_mape": 47.58276008732247,
    "eval_mdape": 31.582288890539964,
    "eval_within_10pct": 17.36909582862719,
    "eval_within_25pct": 41.18615510314285,
    "eval_within_50pct": 68.81539933910837
  },
  "segments": {
    "under_1M": {
      "train_rmse": 0.3981358912537455,
      "val_rmse": 0.5247294279044893,
      "train_mae": 0.15066052362814025,
      "val_mae": 0.14118696520378293,
      "train_mape": 39.50741501884614,
      "val_mape": 46.582854834247804,
      "train_mdape": 29.18600440025329,
      "val_mdape": 31.205817063649498,
      "num_train_samples": 351582,
      "num_val_samples": 53029,
      "num_features": 66,
      "train_seasons": [
        "2002-2003",
        "2003-2004",
        "2004-2005",
        "2005-2006",
        "2006-2007",
        "2007-2008",
        "2008-2009",
        "2009-2010",
        "2010-2011",
        "2011-2012",
        "2012-2013",
        "2013-2014",
        "2014-2015",
        "2015-2016",
        "2016-2017",
        "2017-2018",
        "2018-2019",
        "2019-2020",
        "2020-2021",
        "2021-2022",
        "2022-2023"
      ],
      "val_seasons": [
        "2023-2024"
      ],
      "eval_season": "2023-2024",
      "eval_samples": 53029,
      "eval_rmse_M": 0.524700858559402,
      "eval_mae_M": 0.14080859485705072,
      "eval_r2": 0.25696567325683806,
      "eval_mape": 46.56884819085508,
      "eval_mdape": 31.205812454223633,
      "eval_within_10pct": 17.521588055182853,
      "eval_within_25pct": 41.47314824371281,
      "eval_within_50pct": 69.36732376922284,
      "segment": "under_1M",
      "status": "trained",
      "season": "2023-2024",
      "segment_range": "\u20ac0M \u2013 \u20ac1M",
      "total_segment_samples": 404611
    },
    "1M_10M": {
      "train_rmse": 1.634052320964969,
      "val_rmse": 2.715464179497251,
      "train_mae": 0.9516949260474098,
      "val_mae": 1.3733607153363048,
      "train_mape": 43.10922562414316,
      "val_mape": 57.99842149646276,
      "train_mdape": 27.1462766533224,
      "val_mdape": 35.83895683288574,
      "num_train_samples": 57773,
      "num_val_samples": 6184,
      "num_features": 66,
      "train_seasons": [
        "2005-2006",
        "2006-2007",
        "2007-2008",
        "2008-2009",
        "2009-2010",
        "2010-2011",
        "2011-2012",
        "2012-2013",
        "2013-2014",
        "2014-2015",
        "2015-2016",
        "2016-2017",
        "2017-2018",
        "2018-2019",
        "2019-2020",
        "2020-2021",
        "2021-2022",
        "2022-2023"
      ],
      "val_seasons": [
        "2023-2024"
      ],
      "eval_season": "2023-2024",
      "eval_samples": 6184,
      "eval_rmse_M": 2.7154641796237837,
      "eval_mae_M": 1.3733607159338934,
      "eval_r2": 0.3334257390235389,
      "eval_mape": 57.99842071533203,
      "eval_mdape": 35.838958740234375,
      "eval_within_10pct": 15.670304609871314,
      "eval_within_25pct": 37.40022805017104,
      "eval_within_50pct": 62.664929141554005,
      "segment": "1M_10M",
      "status": "trained",
      "season": "2023-2024",
      "segment_range": "\u20ac1M \u2013 \u20ac10M",
      "total_segment_samples": 63957
    },
    "10M_100M": {
      "train_rmse": 3.632266271924396,
      "val_rmse": 9.629379093880651,
      "train_mae": 2.6460163589163774,
      "val_mae": 6.75779008470289,
      "train_mape": 17.672907187000234,
      "val_mape": 37.653290165971036,
      "train_mdape": 11.06480598449707,
      "val_mdape": 25.617293221609934,
      "num_train_samples": 7854,
      "num_val_samples": 1038,
      "num_features": 66,
      "train_seasons": [
        "2005-2006",
        "2006-2007",
        "2007-2008",
        "2008-2009",
        "2009-2010",
        "2010-2011",
        "2011-2012",
        "2012-2013",
        "2013-2014",
        "2014-2015",
        "2015-2016",
        "2016-2017",
        "2017-2018",
        "2018-2019",
        "2019-2020",
        "2020-2021",
        "2021-2022",
        "2022-2023"
      ],
      "val_seasons": [
        "2023-2024"
      ],
      "eval_season": "2023-2024",
      "eval_samples": 1038,
      "eval_rmse_M": 9.629379094363703,
      "eval_mae_M": 6.757790090215459,
      "eval_r2": 0.7167816163651344,
      "eval_mape": 37.653289794921875,
      "eval_mdape": 25.617292404174805,
      "eval_within_10pct": 19.498069498069498,
      "eval_within_25pct": 48.745173745173744,
      "eval_within_50pct": 76.93050193050193,
      "segment": "10M_100M",
      "status": "trained",
      "season": "2023-2024",
      "segment_range": "\u20ac10M \u2013 \u20ac100M",
      "total_segment_samples": 8892
    },
    "over_100M": {
      "train_rmse": 1.501341296664033,
      "val_rmse": 24.530960956266178,
      "train_mae": 0.5893043279647827,
      "val_mae": 21.677010969682172,
      "train_mape": 0.5078521748334365,
      "val_mape": 16.953561419031992,
      "train_mdape": 0.10316848754882812,
      "val_mdape": 16.363101535373264,
      "num_train_samples": 64,
      "num_val_samples": 11,
      "num_features": 66,
      "train_seasons": [
        "2011-2012",
        "2012-2013",
        "2013-2014",
        "2014-2015",
        "2015-2016",
        "2016-2017",
        "2017-2018",
        "2018-2019",
        "2019-2020",
        "2020-2021",
        "2021-2022",
        "2022-2023"
      ],
      "val_seasons": [
        "2023-2024"
      ],
      "eval_season": "2023-2024",
      "eval_samples": 11,
      "eval_rmse_M": 24.530960247833256,
      "eval_mae_M": 21.67701027610085,
      "eval_r2": 0.5060113345157814,
      "eval_mape": 16.95355987548828,
      "eval_mdape": 16.363101959228516,
      "eval_within_10pct": 36.36363636363637,
      "eval_within_25pct": 72.72727272727273,
      "eval_within_50pct": 100.0,
      "segment": "over_100M",
      "status": "trained",
      "season": "2023-2024",
      "segment_range": "\u2265\u20ac100M",
      "total_segment_samples": 75
    }
  }
}