{
  "season": "2014-2015",
  "weighted_average": {
    "total_eval_samples": 19902,
    "total_train_samples": 66102,
    "total_val_samples": 19902,
    "val_rmse": 0.9482341762051532,
    "val_mae": 0.48252461353663784,
    "val_mape": 46.00615176564593,
    "val_mdape": 33.9061701677099,
    "eval_rmse_M": 0.9481406126086459,
    "eval_mae_M": 0.4821607019050669,
    "eval_r2": 0.2680304831063033,
    "eval_mape": 45.96109844529507,
    "eval_mdape": 33.906166943410284,
    "eval_within_10pct": 15.715844112576983,
    "eval_within_25pct": 38.31175944961291,
    "eval_within_50pct": 66.63427804750008
  },
  "segments": {
    "under_1M": {
      "train_rmse": 0.3806360998136695,
      "val_rmse": 0.5364924701845522,
      "train_mae": 0.20414015462265106,
      "val_mae": 0.20855117790046945,
      "train_mape": 41.07913069219327,
      "val_mape": 45.986203241928955,
      "train_mdape": 31.396428495645523,
      "val_mdape": 34.7224086523056,
      "num_train_samples": 50459,
      "num_val_samples": 15929,
      "num_features": 66,
      "train_seasons": [
        "2002-2003",
        "2003-2004",
        "2004-2005",
        "2005-2006",
        "2006-2007",
        "2007-2008",
        "2008-2009",
        "2009-2010",
        "2010-2011",
        "2011-2012",
        "2012-2013",
        "2013-2014"
      ],
      "val_seasons": [
        "2014-2015"
      ],
      "eval_season": "2014-2015",
      "eval_samples": 15929,
      "eval_rmse_M": 0.5363755696337319,
      "eval_mae_M": 0.2080964997010718,
      "eval_r2": 0.21028204906946635,
      "eval_mape": 45.9299121593418,
      "eval_mdape": 34.72240447998047,
      "eval_within_10pct": 15.235202062045476,
      "eval_within_25pct": 37.30092976157599,
      "eval_within_50pct": 65.65405504924975,
      "segment": "under_1M",
      "status": "trained",
      "season": "2014-2015",
      "segment_range": "\u20ac0M \u2013 \u20ac1M",
      "total_segment_samples": 66388
    },
    "1M_10M": {
      "train_rmse": 1.0645734562579778,
      "val_rmse": 2.0269227618564614,
      "train_mae": 0.7078465665755578,
      "val_mae": 1.1362664348705167,
      "train_mape": 31.899889783008085,
      "val_mape": 46.65094478488185,
      "train_mdape": 19.518691301345825,
      "val_mdape": 31.14765830661939,
      "num_train_samples": 14178,
      "num_val_samples": 3579,
      "num_features": 66,
      "train_seasons": [
        "2005-2006",
        "2006-2007",
        "2007-2008",
        "2008-2009",
        "2009-2010",
        "2010-2011",
        "2011-2012",
        "2012-2013",
        "2013-2014"
      ],
      "val_seasons": [
        "2014-2015"
      ],
      "eval_season": "2014-2015",
      "eval_samples": 3579,
      "eval_rmse_M": 2.0269227641011134,
      "eval_mae_M": 1.1362664351994332,
      "eval_r2": 0.4832779996433224,
      "eval_mape": 46.65094757080078,
      "eval_mdape": 31.147659301757812,
      "eval_within_10pct": 17.014583929082068,
      "eval_within_25pct": 41.63568773234201,
      "eval_within_50pct": 70.1458392908207,
      "segment": "1M_10M",
      "status": "trained",
      "season": "2014-2015",
      "segment_range": "\u20ac1M \u2013 \u20ac10M",
      "total_segment_samples": 17757
    },
    "10M_100M": {
      "train_rmse": 0.9743040922978181,
      "val_rmse": 7.795968153758762,
      "train_mae": 0.5579173489723597,
      "val_mae": 5.620547145756368,
      "train_mape": 3.495223387214519,
      "val_mape": 40.95550663478921,
      "train_mdape": 2.007096078660753,
      "val_mdape": 25.96416795887233,
      "num_train_samples": 1465,
      "num_val_samples": 394,
      "num_features": 66,
      "train_seasons": [
        "2005-2006",
        "2006-2007",
        "2007-2008",
        "2008-2009",
        "2009-2010",
        "2010-2011",
        "2011-2012",
        "2012-2013",
        "2013-2014"
      ],
      "val_seasons": [
        "2014-2015"
      ],
      "eval_season": "2014-2015",
      "eval_samples": 394,
      "eval_rmse_M": 7.7959681490448505,
      "eval_mae_M": 5.620547142125628,
      "eval_r2": 0.6474821178443365,
      "eval_mape": 40.95550537109375,
      "eval_mdape": 25.96416473388672,
      "eval_within_10pct": 23.3502538071066,
      "eval_within_25pct": 48.984771573604064,
      "eval_within_50pct": 74.36548223350253,
      "segment": "10M_100M",
      "status": "trained",
      "season": "2014-2015",
      "segment_range": "\u20ac10M \u2013 \u20ac100M",
      "total_segment_samples": 1859
    },
    "over_100M": {
      "segment": "over_100M",
      "status": "skipped",
      "reason": "insufficient samples (6)",
      "samples": 6
    }
  }
}