{
  "train_rmse": 1.069065354128221,
  "val_rmse": 1.602623872295163,
  "train_mae": 0.37702678137919293,
  "val_mae": 0.4023878447194274,
  "train_mape": 42.5858300064883,
  "val_mape": 52.44877819815631,
  "train_mdape": 30.378850868770062,
  "val_mdape": 33.63233804702759,
  "num_train_samples": 301287,
  "num_val_samples": 55419,
  "num_features": 66,
  "train_seasons": [
    "2002-2003",
    "2003-2004",
    "2004-2005",
    "2005-2006",
    "2006-2007",
    "2007-2008",
    "2008-2009",
    "2009-2010",
    "2010-2011",
    "2011-2012",
    "2012-2013",
    "2013-2014",
    "2014-2015",
    "2015-2016",
    "2016-2017",
    "2017-2018",
    "2018-2019",
    "2019-2020",
    "2020-2021"
  ],
  "val_seasons": [
    "2021-2022"
  ],
  "eval_season": "2021-2022",
  "eval_samples": 55419,
  "eval_rmse_M": 1.6026157648558959,
  "eval_mae_M": 0.40226218910143857,
  "eval_r2": 0.83401840641082,
  "eval_mape": 52.437011425049064,
  "eval_mdape": 33.63233947753906,
  "eval_within_10pct": 16.634886302188576,
  "eval_within_25pct": 39.06992628852776,
  "eval_within_50pct": 66.38586105814383,
  "season": "2021-2022",
  "cutoff_date": "2021-07-01T00:00:00",
  "min_valuations": 5,
  "cutoff_months": 12,
  "full_dataset_size": 536494,
  "filtered_dataset_size": 356706
}