{
  "season": "2017-2018",
  "weighted_average": {
    "total_eval_samples": 33094,
    "total_train_samples": 137458,
    "total_val_samples": 33094,
    "val_rmse": 1.1245543047653528,
    "val_mae": 0.47930422829035146,
    "val_mape": 43.19585573839198,
    "val_mdape": 30.11750025214908,
    "eval_rmse_M": 1.1245306255401977,
    "eval_mae_M": 0.4791371138688414,
    "eval_r2": 0.23120986378315045,
    "eval_mape": 43.184827464295886,
    "eval_mdape": 30.117499731685946,
    "eval_within_10pct": 18.37439311272405,
    "eval_within_25pct": 42.79150316062619,
    "eval_within_50pct": 70.98577172957664
  },
  "segments": {
    "under_1M": {
      "train_rmse": 0.3868877236359539,
      "val_rmse": 0.5616436537497465,
      "train_mae": 0.18738596540102184,
      "val_mae": 0.1711167621752541,
      "train_mape": 40.733683799566336,
      "val_mape": 41.886469225893855,
      "train_mdape": 30.5790513753891,
      "val_mdape": 29.786025129613424,
      "num_train_samples": 108252,
      "num_val_samples": 27783,
      "num_features": 66,
      "train_seasons": [
        "2002-2003",
        "2003-2004",
        "2004-2005",
        "2005-2006",
        "2006-2007",
        "2007-2008",
        "2008-2009",
        "2009-2010",
        "2010-2011",
        "2011-2012",
        "2012-2013",
        "2013-2014",
        "2014-2015",
        "2015-2016",
        "2016-2017"
      ],
      "val_seasons": [
        "2017-2018"
      ],
      "eval_season": "2017-2018",
      "eval_samples": 27783,
      "eval_rmse_M": 0.5616154479068542,
      "eval_mae_M": 0.17091770189635677,
      "eval_r2": 0.1839255113606233,
      "eval_mape": 41.87333284905746,
      "eval_mdape": 29.786025047302246,
      "eval_within_10pct": 18.505978203364723,
      "eval_within_25pct": 43.10654957147392,
      "eval_within_50pct": 71.3628187493387,
      "segment": "under_1M",
      "status": "trained",
      "season": "2017-2018",
      "segment_range": "\u20ac0M \u2013 \u20ac1M",
      "total_segment_samples": 136035
    },
    "1M_10M": {
      "train_rmse": 1.2121964385403008,
      "val_rmse": 2.8122787764668087,
      "train_mae": 0.7869108982661213,
      "val_mae": 1.3053258628186293,
      "train_mape": 36.73307182598379,
      "val_mape": 51.473891986705524,
      "train_mdape": 23.00397085421013,
      "val_mdape": 32.43490892743308,
      "num_train_samples": 26441,
      "num_val_samples": 4740,
      "num_features": 66,
      "train_seasons": [
        "2005-2006",
        "2006-2007",
        "2007-2008",
        "2008-2009",
        "2009-2010",
        "2010-2011",
        "2011-2012",
        "2012-2013",
        "2013-2014",
        "2014-2015",
        "2015-2016",
        "2016-2017"
      ],
      "val_seasons": [
        "2017-2018"
      ],
      "eval_season": "2017-2018",
      "eval_samples": 4740,
      "eval_rmse_M": 2.812278775919368,
      "eval_mae_M": 1.3053258636045555,
      "eval_r2": 0.4660223695307286,
      "eval_mape": 51.47389221191406,
      "eval_mdape": 32.434906005859375,
      "eval_within_10pct": 17.68577494692144,
      "eval_within_25pct": 40.42462845010616,
      "eval_within_50pct": 67.66454352441613,
      "segment": "1M_10M",
      "status": "trained",
      "season": "2017-2018",
      "segment_range": "\u20ac1M \u2013 \u20ac10M",
      "total_segment_samples": 31181
    },
    "10M_100M": {
      "train_rmse": 1.5426139812678332,
      "val_rmse": 14.503770804418059,
      "train_mae": 1.0500015605422945,
      "val_mae": 8.617710223757449,
      "train_mape": 7.120805498516678,
      "val_mape": 38.1884891179528,
      "train_mdape": 4.382726725410013,
      "val_mdape": 27.008666992187504,
      "num_train_samples": 2765,
      "num_val_samples": 571,
      "num_features": 66,
      "train_seasons": [
        "2005-2006",
        "2006-2007",
        "2007-2008",
        "2008-2009",
        "2009-2010",
        "2010-2011",
        "2011-2012",
        "2012-2013",
        "2013-2014",
        "2014-2015",
        "2015-2016",
        "2016-2017"
      ],
      "val_seasons": [
        "2017-2018"
      ],
      "eval_season": "2017-2018",
      "eval_samples": 571,
      "eval_rmse_M": 14.503770813613594,
      "eval_mae_M": 8.617710229603087,
      "eval_r2": 0.5826807676562721,
      "eval_mape": 38.18848419189453,
      "eval_mdape": 27.008665084838867,
      "eval_within_10pct": 17.68826619964974,
      "eval_within_25pct": 47.110332749562176,
      "eval_within_50pct": 80.21015761821366,
      "segment": "10M_100M",
      "status": "trained",
      "season": "2017-2018",
      "segment_range": "\u20ac10M \u2013 \u20ac100M",
      "total_segment_samples": 3336
    },
    "over_100M": {
      "segment": "over_100M",
      "status": "skipped",
      "reason": "insufficient samples (14)",
      "samples": 14
    }
  }
}