{
  "season": "2012-2013",
  "weighted_average": {
    "total_eval_samples": 14012,
    "total_train_samples": 35164,
    "total_val_samples": 14012,
    "val_rmse": 0.8957735779000361,
    "val_mae": 0.5239004341152109,
    "val_mape": 50.00848088844282,
    "val_mdape": 36.04048014171332,
    "eval_rmse_M": 0.8957116916391241,
    "eval_mae_M": 0.5235684046578757,
    "eval_r2": 0.2627738047516275,
    "eval_mape": 49.96637340727367,
    "eval_mdape": 36.04047684692635,
    "eval_within_10pct": 14.68226623728057,
    "eval_within_25pct": 35.89922562766224,
    "eval_within_50pct": 65.56242443288274
  },
  "segments": {
    "under_1M": {
      "train_rmse": 0.3971585434418125,
      "val_rmse": 0.490975949131948,
      "train_mae": 0.22544000986513807,
      "val_mae": 0.23372331681020028,
      "train_mape": 41.72248218673325,
      "val_mape": 50.45935367523221,
      "train_mdape": 31.270221869150795,
      "val_mdape": 37.11786270141603,
      "num_train_samples": 26223,
      "num_val_samples": 10883,
      "num_features": 66,
      "train_seasons": [
        "2002-2003",
        "2003-2004",
        "2004-2005",
        "2005-2006",
        "2006-2007",
        "2007-2008",
        "2008-2009",
        "2009-2010",
        "2010-2011",
        "2011-2012"
      ],
      "val_seasons": [
        "2012-2013"
      ],
      "eval_season": "2012-2013",
      "eval_samples": 10883,
      "eval_rmse_M": 0.49089811597155625,
      "eval_mae_M": 0.23330056751506675,
      "eval_r2": 0.17254573889702363,
      "eval_mape": 50.405837102274916,
      "eval_mdape": 37.11785888671875,
      "eval_within_10pct": 14.096788257520709,
      "eval_within_25pct": 34.47173375962796,
      "eval_within_50pct": 64.61270164220316,
      "segment": "under_1M",
      "status": "trained",
      "season": "2012-2013",
      "segment_range": "\u20ac0M \u2013 \u20ac1M",
      "total_segment_samples": 37106
    },
    "1M_10M": {
      "train_rmse": 0.9922229438225653,
      "val_rmse": 1.862918334892848,
      "train_mae": 0.6699971183581801,
      "val_mae": 1.1743691663835323,
      "train_mape": 29.385405950369314,
      "val_mape": 49.9878145481264,
      "train_mdape": 17.813131544325085,
      "val_mdape": 33.19768309593201,
      "num_train_samples": 8137,
      "num_val_samples": 2841,
      "num_features": 66,
      "train_seasons": [
        "2005-2006",
        "2006-2007",
        "2007-2008",
        "2008-2009",
        "2009-2010",
        "2010-2011",
        "2011-2012"
      ],
      "val_seasons": [
        "2012-2013"
      ],
      "eval_season": "2012-2013",
      "eval_samples": 2841,
      "eval_rmse_M": 1.8629112613705838,
      "eval_mae_M": 1.1743509963921155,
      "eval_r2": 0.5659840188368062,
      "eval_mape": 49.98514347137497,
      "eval_mdape": 33.19768142700195,
      "eval_within_10pct": 16.4070988772184,
      "eval_within_25pct": 39.5508873596523,
      "eval_within_50pct": 67.25823976819993,
      "segment": "1M_10M",
      "status": "trained",
      "season": "2012-2013",
      "segment_range": "\u20ac1M \u2013 \u20ac10M",
      "total_segment_samples": 10978
    },
    "10M_100M": {
      "train_rmse": 0.8960196878859482,
      "val_rmse": 6.651865033686579,
      "train_mae": 0.394513279674065,
      "val_mae": 5.072566750976774,
      "train_mape": 2.2064978534876785,
      "val_mape": 33.174677187782954,
      "train_mdape": 1.0847625732421875,
      "val_mdape": 23.3711468424774,
      "num_train_samples": 804,
      "num_val_samples": 288,
      "num_features": 66,
      "train_seasons": [
        "2005-2006",
        "2006-2007",
        "2007-2008",
        "2008-2009",
        "2009-2010",
        "2010-2011",
        "2011-2012"
      ],
      "val_seasons": [
        "2012-2013"
      ],
      "eval_season": "2012-2013",
      "eval_samples": 288,
      "eval_rmse_M": 6.651865047135867,
      "eval_mae_M": 5.07256676753362,
      "eval_r2": 0.6812870772504513,
      "eval_mape": 33.17467498779297,
      "eval_mdape": 23.37114715576172,
      "eval_within_10pct": 19.791666666666664,
      "eval_within_25pct": 53.81944444444444,
      "eval_within_50pct": 84.72222222222221,
      "segment": "10M_100M",
      "status": "trained",
      "season": "2012-2013",
      "segment_range": "\u20ac10M \u2013 \u20ac100M",
      "total_segment_samples": 1092
    },
    "over_100M": {
      "segment": "over_100M",
      "status": "skipped",
      "reason": "insufficient samples (2)",
      "samples": 2
    }
  }
}