{
  "train_rmse": 0.19823645077751995,
  "val_rmse": 2.525917825633387,
  "train_mae": 0.12989308064282257,
  "val_mae": 1.1869633686419312,
  "train_mape": 16.801300851791286,
  "val_mape": 73.61370045109406,
  "train_mdape": 9.039817450640797,
  "val_mdape": 58.326915899912514,
  "num_train_samples": 880,
  "num_val_samples": 1445,
  "num_features": 71,
  "train_seasons": [
    "2002-2003",
    "2003-2004",
    "2004-2005",
    "2005-2006"
  ],
  "val_seasons": [
    "2006-2007"
  ],
  "eval_season": "2006-2007",
  "eval_samples": 1445,
  "eval_rmse_M": 2.5209581162117725,
  "eval_mae_M": 1.1787510426220589,
  "eval_r2": 0.6603635985162084,
  "eval_mape": 72.82970941814145,
  "eval_mdape": 58.32691955566406,
  "eval_within_10pct": 7.974816369359916,
  "eval_within_25pct": 20.88142707240294,
  "eval_within_50pct": 43.12696747114376,
  "season": "2006-2007",
  "cutoff_date": "2006-07-01T00:00:00",
  "min_valuations": 5,
  "cutoff_months": 12,
  "full_dataset_size": 536494,
  "filtered_dataset_size": 2325
}