{
  "season": "2022-2023",
  "weighted_average": {
    "total_eval_samples": 60567,
    "total_train_samples": 356706,
    "total_val_samples": 60567,
    "val_rmse": 0.8265198424025558,
    "val_mae": 0.35204181619032493,
    "val_mape": 43.093064957766046,
    "val_mdape": 29.934675538081486,
    "eval_rmse_M": 0.8264501726481186,
    "eval_mae_M": 0.3515062227330559,
    "eval_r2": 0.2469720143786517,
    "eval_mape": 43.06658725118084,
    "eval_mdape": 29.93467521125826,
    "eval_within_10pct": 17.833748795457964,
    "eval_within_25pct": 42.66214553608527,
    "eval_within_50pct": 72.22857070591168
  },
  "segments": {
    "under_1M": {
      "train_rmse": 0.41112757176695147,
      "val_rmse": 0.4411923175329551,
      "train_mae": 0.1578276918630311,
      "val_mae": 0.12612122357434027,
      "train_mape": 39.62110744135824,
      "val_mape": 42.227898426752915,
      "train_mdape": 29.126754403114326,
      "val_mdape": 29.655914505322773,
      "num_train_samples": 297892,
      "num_val_samples": 53690,
      "num_features": 66,
      "train_seasons": [
        "2002-2003",
        "2003-2004",
        "2004-2005",
        "2005-2006",
        "2006-2007",
        "2007-2008",
        "2008-2009",
        "2009-2010",
        "2010-2011",
        "2011-2012",
        "2012-2013",
        "2013-2014",
        "2014-2015",
        "2015-2016",
        "2016-2017",
        "2017-2018",
        "2018-2019",
        "2019-2020",
        "2020-2021",
        "2021-2022"
      ],
      "val_seasons": [
        "2022-2023"
      ],
      "eval_season": "2022-2023",
      "eval_samples": 53690,
      "eval_rmse_M": 0.4411161554687013,
      "eval_mae_M": 0.12552447460564484,
      "eval_r2": 0.22562213046339852,
      "eval_mape": 42.19907058075061,
      "eval_mdape": 29.655914306640625,
      "eval_within_10pct": 17.906735751295336,
      "eval_within_25pct": 42.901554404145074,
      "eval_within_50pct": 72.8013816925734,
      "segment": "under_1M",
      "status": "trained",
      "season": "2022-2023",
      "segment_range": "\u20ac0M \u2013 \u20ac1M",
      "total_segment_samples": 351582
    },
    "1M_10M": {
      "train_rmse": 1.5881897167064216,
      "val_rmse": 2.7006283377863447,
      "train_mae": 0.9327805591708925,
      "val_mae": 1.2831872483697109,
      "train_mape": 42.32061366380905,
      "val_mape": 51.83858683057162,
      "train_mdape": 26.652221679687504,
      "val_mdape": 33.001079161961876,
      "num_train_samples": 51871,
      "num_val_samples": 5902,
      "num_features": 66,
      "train_seasons": [
        "2005-2006",
        "2006-2007",
        "2007-2008",
        "2008-2009",
        "2009-2010",
        "2010-2011",
        "2011-2012",
        "2012-2013",
        "2013-2014",
        "2014-2015",
        "2015-2016",
        "2016-2017",
        "2017-2018",
        "2018-2019",
        "2019-2020",
        "2020-2021",
        "2021-2022"
      ],
      "val_seasons": [
        "2022-2023"
      ],
      "eval_season": "2022-2023",
      "eval_samples": 5902,
      "eval_rmse_M": 2.700606219580449,
      "eval_mae_M": 1.283119501577855,
      "eval_r2": 0.37430815842915266,
      "eval_mape": 51.82911430924091,
      "eval_mdape": 33.00107765197754,
      "eval_within_10pct": 16.72372475179733,
      "eval_within_25pct": 39.78089695309826,
      "eval_within_50pct": 66.43272851763095,
      "segment": "1M_10M",
      "status": "trained",
      "season": "2022-2023",
      "segment_range": "\u20ac1M \u2013 \u20ac10M",
      "total_segment_samples": 57773
    },
    "10M_100M": {
      "train_rmse": 3.3353882482388997,
      "val_rmse": 10.600437731267718,
      "train_mae": 2.405800809741748,
      "val_mae": 7.053003645728155,
      "train_mape": 16.14600225373407,
      "val_mape": 37.835450636188106,
      "train_mdape": 10.090378781298655,
      "val_mdape": 26.74591276380751,
      "num_train_samples": 6882,
      "num_val_samples": 972,
      "num_features": 66,
      "train_seasons": [
        "2005-2006",
        "2006-2007",
        "2007-2008",
        "2008-2009",
        "2009-2010",
        "2010-2011",
        "2011-2012",
        "2012-2013",
        "2013-2014",
        "2014-2015",
        "2015-2016",
        "2016-2017",
        "2017-2018",
        "2018-2019",
        "2019-2020",
        "2020-2021",
        "2021-2022"
      ],
      "val_seasons": [
        "2022-2023"
      ],
      "eval_season": "2022-2023",
      "eval_samples": 972,
      "eval_rmse_M": 10.600437725983747,
      "eval_mae_M": 7.053003650633887,
      "eval_r2": 0.6795019669516786,
      "eval_mape": 37.83544921875,
      "eval_mdape": 26.745912551879883,
      "eval_within_10pct": 20.59732234809475,
      "eval_within_25pct": 46.85890834191555,
      "eval_within_50pct": 75.6951596292482,
      "segment": "10M_100M",
      "status": "trained",
      "season": "2022-2023",
      "segment_range": "\u20ac10M \u2013 \u20ac100M",
      "total_segment_samples": 7854
    },
    "over_100M": {
      "train_rmse": 1.3265234795047707,
      "val_rmse": 43.159280681338416,
      "train_mae": 0.5863929498391073,
      "val_mae": 40.59250132242838,
      "train_mape": 0.5056400406077612,
      "val_mape": 24.80042408130787,
      "train_mdape": 0.07860884707198183,
      "val_mdape": 19.349034627278648,
      "num_train_samples": 61,
      "num_val_samples": 3,
      "num_features": 66,
      "train_seasons": [
        "2011-2012",
        "2012-2013",
        "2013-2014",
        "2014-2015",
        "2015-2016",
        "2016-2017",
        "2017-2018",
        "2018-2019",
        "2019-2020",
        "2020-2021",
        "2021-2022"
      ],
      "val_seasons": [
        "2022-2023"
      ],
      "eval_season": "2022-2023",
      "eval_samples": 3,
      "eval_rmse_M": 43.159280681338416,
      "eval_mae_M": 40.59250132242838,
      "eval_r2": -8.31361754465276,
      "eval_mape": 24.80042266845703,
      "eval_mdape": 19.349031448364258,
      "eval_within_10pct": 0.0,
      "eval_within_25pct": 66.66666666666666,
      "eval_within_50pct": 100.0,
      "segment": "over_100M",
      "status": "trained",
      "season": "2022-2023",
      "segment_range": "\u2265\u20ac100M",
      "total_segment_samples": 64
    }
  }
}