{
  "train_rmse": 0.814238395381049,
  "val_rmse": 1.1578051233409052,
  "train_mae": 0.42848306109819595,
  "val_mae": 0.4294997216821937,
  "train_mape": 43.86673206384258,
  "val_mape": 45.78923591410072,
  "train_mdape": 31.29226565361023,
  "val_mdape": 31.85035685698192,
  "num_train_samples": 49178,
  "num_val_samples": 16928,
  "num_features": 71,
  "train_seasons": [
    "2002-2003",
    "2003-2004",
    "2004-2005",
    "2005-2006",
    "2006-2007",
    "2007-2008",
    "2008-2009",
    "2009-2010",
    "2010-2011",
    "2011-2012",
    "2012-2013"
  ],
  "val_seasons": [
    "2013-2014"
  ],
  "eval_season": "2013-2014",
  "eval_samples": 16928,
  "eval_rmse_M": 1.1577940105607059,
  "eval_mae_M": 0.4293678316900013,
  "eval_r2": 0.8980489390223328,
  "eval_mape": 45.77216899510178,
  "eval_mdape": 31.85035991668701,
  "eval_within_10pct": 17.32230288705048,
  "eval_within_25pct": 41.09404018234003,
  "eval_within_50pct": 69.33141988856998,
  "season": "2013-2014",
  "cutoff_date": "2013-07-01T00:00:00",
  "min_valuations": 5,
  "cutoff_months": 12,
  "full_dataset_size": 536494,
  "filtered_dataset_size": 66106
}