{
  "train_rmse": 1.1085014688852466,
  "val_rmse": 1.7460904678789102,
  "train_mae": 0.3605661093964043,
  "val_mae": 0.379961498619179,
  "train_mape": 42.607595014623435,
  "val_mape": 46.372708104383996,
  "train_mdape": 30.801231000158523,
  "val_mdape": 33.20411443710328,
  "num_train_samples": 417273,
  "num_val_samples": 60262,
  "num_features": 64,
  "train_seasons": [
    "2002-2003",
    "2003-2004",
    "2004-2005",
    "2005-2006",
    "2006-2007",
    "2007-2008",
    "2008-2009",
    "2009-2010",
    "2010-2011",
    "2011-2012",
    "2012-2013",
    "2013-2014",
    "2014-2015",
    "2015-2016",
    "2016-2017",
    "2017-2018",
    "2018-2019",
    "2019-2020",
    "2020-2021",
    "2021-2022",
    "2022-2023"
  ],
  "val_seasons": [
    "2023-2024"
  ],
  "eval_season": "2023-2024",
  "eval_samples": 60262,
  "eval_rmse_M": 1.7460792959071954,
  "eval_mae_M": 0.3796063237272551,
  "eval_r2": 0.848940870713532,
  "eval_mape": 46.35722589068088,
  "eval_mdape": 33.20411682128906,
  "eval_within_10pct": 16.417951617797147,
  "eval_within_25pct": 39.075386864535346,
  "eval_within_50pct": 67.91989628444543,
  "season": "2023-2024",
  "cutoff_date": "2023-07-01T00:00:00",
  "min_valuations": 5,
  "cutoff_months": 12,
  "full_dataset_size": 536494,
  "filtered_dataset_size": 477535
}