{
  "train_rmse": 1.0567140061908311,
  "val_rmse": 1.9223291869518113,
  "train_mae": 0.3847616999916517,
  "val_mae": 0.4201556603082858,
  "train_mape": 42.40898632606457,
  "val_mape": 38.61356625852432,
  "train_mdape": 30.26033043861389,
  "val_mdape": 32.513906274523066,
  "num_train_samples": 253237,
  "num_val_samples": 48050,
  "num_features": 65,
  "train_seasons": [
    "2002-2003",
    "2003-2004",
    "2004-2005",
    "2005-2006",
    "2006-2007",
    "2007-2008",
    "2008-2009",
    "2009-2010",
    "2010-2011",
    "2011-2012",
    "2012-2013",
    "2013-2014",
    "2014-2015",
    "2015-2016",
    "2016-2017",
    "2017-2018",
    "2018-2019",
    "2019-2020"
  ],
  "val_seasons": [
    "2020-2021"
  ],
  "eval_season": "2020-2021",
  "eval_samples": 48050,
  "eval_rmse_M": 1.922322811120037,
  "eval_mae_M": 0.4200597302240561,
  "eval_r2": 0.8016091332798,
  "eval_mape": 38.6027445430559,
  "eval_mdape": 32.513912200927734,
  "eval_within_10pct": 15.298702095670583,
  "eval_within_25pct": 38.92792488723881,
  "eval_within_50pct": 72.56604584087631,
  "season": "2020-2021",
  "cutoff_date": "2020-07-01T00:00:00",
  "min_valuations": 5,
  "cutoff_months": 12,
  "full_dataset_size": 536494,
  "filtered_dataset_size": 301287
}