{
  "season": "2010-2011",
  "weighted_average": {
    "total_eval_samples": 9151,
    "total_train_samples": 14591,
    "total_val_samples": 9151,
    "val_rmse": 0.9473302088323446,
    "val_mae": 0.6098782166788161,
    "val_mape": 65.28493685612811,
    "val_mdape": 42.46238879422398,
    "eval_rmse_M": 0.9473043942823262,
    "eval_mae_M": 0.6096908817170353,
    "eval_r2": 0.21712930466588004,
    "eval_mape": 65.27697145404777,
    "eval_mdape": 42.46239193472468,
    "eval_within_10pct": 13.056455279014319,
    "eval_within_25pct": 32.19255940276803,
    "eval_within_50pct": 57.034780060228904
  },
  "segments": {
    "under_1M": {
      "train_rmse": 0.36609425703801757,
      "val_rmse": 0.5015749137727288,
      "train_mae": 0.2220863829224723,
      "val_mae": 0.2995711795128224,
      "train_mape": 37.811034862126995,
      "val_mape": 66.77564755886524,
      "train_mdape": 27.200113024030408,
      "val_mdape": 44.875394801298775,
      "num_train_samples": 10377,
      "num_val_samples": 6986,
      "num_features": 66,
      "train_seasons": [
        "2002-2003",
        "2003-2004",
        "2004-2005",
        "2005-2006",
        "2006-2007",
        "2007-2008",
        "2008-2009",
        "2009-2010"
      ],
      "val_seasons": [
        "2010-2011"
      ],
      "eval_season": "2010-2011",
      "eval_samples": 6986,
      "eval_rmse_M": 0.5015421030734138,
      "eval_mae_M": 0.29934970904649355,
      "eval_r2": 0.11062044147783412,
      "eval_mape": 66.76521503896325,
      "eval_mdape": 44.87539863586426,
      "eval_within_10pct": 12.162759840778417,
      "eval_within_25pct": 30.185758513931887,
      "eval_within_50pct": 54.621848739495796,
      "segment": "under_1M",
      "status": "trained",
      "season": "2010-2011",
      "segment_range": "\u20ac0M \u2013 \u20ac1M",
      "total_segment_samples": 17363
    },
    "1M_10M": {
      "train_rmse": 0.7971663311592033,
      "val_rmse": 1.99088914421995,
      "train_mae": 0.5242416256060242,
      "val_mae": 1.3037016274972917,
      "train_mape": 20.94448629191189,
      "val_mape": 63.60124345998545,
      "train_mdape": 11.696133406265915,
      "val_mdape": 36.16059743441068,
      "num_train_samples": 3840,
      "num_val_samples": 1970,
      "num_features": 66,
      "train_seasons": [
        "2005-2006",
        "2006-2007",
        "2007-2008",
        "2008-2009",
        "2009-2010"
      ],
      "val_seasons": [
        "2010-2011"
      ],
      "eval_season": "2010-2011",
      "eval_samples": 1970,
      "eval_rmse_M": 1.990885587106492,
      "eval_mae_M": 1.3036168012789497,
      "eval_r2": 0.5419906364893642,
      "eval_mape": 63.60123825073242,
      "eval_mdape": 36.16059875488281,
      "eval_within_10pct": 15.132275132275133,
      "eval_within_25pct": 36.455026455026456,
      "eval_within_50pct": 62.96296296296296,
      "segment": "1M_10M",
      "status": "trained",
      "season": "2010-2011",
      "segment_range": "\u20ac1M \u2013 \u20ac10M",
      "total_segment_samples": 5810
    },
    "10M_100M": {
      "train_rmse": 0.7660294394951257,
      "val_rmse": 6.37417835536,
      "train_mae": 0.2836347721477243,
      "val_mae": 4.7174312542646355,
      "train_mape": 1.3797808594256258,
      "val_mape": 28.888890810381735,
      "train_mdape": 0.6312031899729083,
      "val_mdape": 19.679152965545654,
      "num_train_samples": 374,
      "num_val_samples": 195,
      "num_features": 66,
      "train_seasons": [
        "2005-2006",
        "2006-2007",
        "2007-2008",
        "2008-2009",
        "2009-2010"
      ],
      "val_seasons": [
        "2010-2011"
      ],
      "eval_season": "2010-2011",
      "eval_samples": 195,
      "eval_rmse_M": 6.37417832516363,
      "eval_mae_M": 4.717431244483361,
      "eval_r2": 0.7509451740988304,
      "eval_mape": 28.888893127441406,
      "eval_mdape": 19.679149627685547,
      "eval_within_10pct": 24.102564102564102,
      "eval_within_25pct": 61.02564102564103,
      "eval_within_50pct": 83.58974358974359,
      "segment": "10M_100M",
      "status": "trained",
      "season": "2010-2011",
      "segment_range": "\u20ac10M \u2013 \u20ac100M",
      "total_segment_samples": 569
    },
    "over_100M": {
      "segment": "over_100M",
      "status": "skipped",
      "reason": "insufficient samples (0)",
      "samples": 0
    }
  }
}