{
  "train_rmse": 0.9279343708742387,
  "val_rmse": 2.467134280557222,
  "train_mae": 0.38754081711503474,
  "val_mae": 0.552846362785084,
  "train_mape": 42.63343542534439,
  "val_mape": 45.87042009578512,
  "train_mdape": 30.175495147705078,
  "val_mdape": 31.896028518676754,
  "num_train_samples": 170566,
  "num_val_samples": 38150,
  "num_features": 66,
  "train_seasons": [
    "2002-2003",
    "2003-2004",
    "2004-2005",
    "2005-2006",
    "2006-2007",
    "2007-2008",
    "2008-2009",
    "2009-2010",
    "2010-2011",
    "2011-2012",
    "2012-2013",
    "2013-2014",
    "2014-2015",
    "2015-2016",
    "2016-2017",
    "2017-2018"
  ],
  "val_seasons": [
    "2018-2019"
  ],
  "eval_season": "2018-2019",
  "eval_samples": 38150,
  "eval_rmse_M": 2.467130177682334,
  "eval_mae_M": 0.5527851259288095,
  "eval_r2": 0.7944533588839688,
  "eval_mape": 45.86387427883559,
  "eval_mdape": 31.89603042602539,
  "eval_within_10pct": 16.99749609899481,
  "eval_within_25pct": 40.99865732844649,
  "eval_within_50pct": 69.88061109699895,
  "season": "2018-2019",
  "cutoff_date": "2018-07-01T00:00:00",
  "min_valuations": 5,
  "cutoff_months": 12,
  "full_dataset_size": 536494,
  "filtered_dataset_size": 208716
}