{
  "season": "2018-2019",
  "weighted_average": {
    "total_eval_samples": 38138,
    "total_train_samples": 170552,
    "total_val_samples": 38138,
    "val_rmse": 1.2518925576569382,
    "val_mae": 0.556316384797723,
    "val_mape": 48.47922124825182,
    "val_mdape": 33.29697029141845,
    "eval_rmse_M": 1.2518267145804194,
    "eval_mae_M": 0.5559419862229771,
    "eval_r2": 0.2298967104929619,
    "eval_mape": 48.4267159217078,
    "eval_mdape": 33.29696971117728,
    "eval_within_10pct": 15.811386576180482,
    "eval_within_25pct": 38.59999084569446,
    "eval_within_50pct": 67.89123493623795
  },
  "segments": {
    "under_1M": {
      "train_rmse": 0.3971656048192999,
      "val_rmse": 0.635881327361703,
      "train_mae": 0.181806607403501,
      "val_mae": 0.18940485315057548,
      "train_mape": 40.485161085691125,
      "val_mape": 47.13622879946514,
      "train_mdape": 30.000650882720947,
      "val_mdape": 33.032059421141945,
      "num_train_samples": 136035,
      "num_val_samples": 32382,
      "num_features": 66,
      "train_seasons": [
        "2002-2003",
        "2003-2004",
        "2004-2005",
        "2005-2006",
        "2006-2007",
        "2007-2008",
        "2008-2009",
        "2009-2010",
        "2010-2011",
        "2011-2012",
        "2012-2013",
        "2013-2014",
        "2014-2015",
        "2015-2016",
        "2016-2017",
        "2017-2018"
      ],
      "val_seasons": [
        "2018-2019"
      ],
      "eval_season": "2018-2019",
      "eval_samples": 32382,
      "eval_rmse_M": 0.6358037811711897,
      "eval_mae_M": 0.18896390405390673,
      "eval_r2": 0.20101769080034793,
      "eval_mape": 47.0743906038212,
      "eval_mdape": 33.03205871582031,
      "eval_within_10pct": 15.893706549579218,
      "eval_within_25pct": 38.81266008049762,
      "eval_within_50pct": 68.51902671057447,
      "segment": "under_1M",
      "status": "trained",
      "season": "2018-2019",
      "segment_range": "\u20ac0M \u2013 \u20ac1M",
      "total_segment_samples": 168417
    },
    "1M_10M": {
      "train_rmse": 1.3060058346842438,
      "val_rmse": 3.2327824392316025,
      "train_mae": 0.8310339056811363,
      "val_mae": 1.511717709559829,
      "train_mape": 38.684323292841896,
      "val_mape": 57.693677236699735,
      "train_mdape": 24.22514624065823,
      "val_mdape": 35.18342971801758,
      "num_train_samples": 31181,
      "num_val_samples": 5011,
      "num_features": 66,
      "train_seasons": [
        "2005-2006",
        "2006-2007",
        "2007-2008",
        "2008-2009",
        "2009-2010",
        "2010-2011",
        "2011-2012",
        "2012-2013",
        "2013-2014",
        "2014-2015",
        "2015-2016",
        "2016-2017",
        "2017-2018"
      ],
      "val_seasons": [
        "2018-2019"
      ],
      "eval_season": "2018-2019",
      "eval_samples": 5011,
      "eval_rmse_M": 3.232782435533856,
      "eval_mae_M": 1.5117177089591438,
      "eval_r2": 0.38424100719874743,
      "eval_mape": 57.69367599487305,
      "eval_mdape": 35.18342971801758,
      "eval_within_10pct": 15.25217743568969,
      "eval_within_25pct": 37.249341705489165,
      "eval_within_50pct": 63.25703868746202,
      "segment": "1M_10M",
      "status": "trained",
      "season": "2018-2019",
      "segment_range": "\u20ac1M \u2013 \u20ac10M",
      "total_segment_samples": 36192
    },
    "10M_100M": {
      "train_rmse": 1.8710414135624795,
      "val_rmse": 14.703485125240368,
      "train_mae": 1.3004936298449261,
      "val_mae": 10.078213269918557,
      "train_mape": 8.808705538025915,
      "val_mape": 44.87538570261157,
      "train_mdape": 5.4756418863932295,
      "val_mdape": 32.122870445251465,
      "num_train_samples": 3336,
      "num_val_samples": 745,
      "num_features": 66,
      "train_seasons": [
        "2005-2006",
        "2006-2007",
        "2007-2008",
        "2008-2009",
        "2009-2010",
        "2010-2011",
        "2011-2012",
        "2012-2013",
        "2013-2014",
        "2014-2015",
        "2015-2016",
        "2016-2017",
        "2017-2018"
      ],
      "val_seasons": [
        "2018-2019"
      ],
      "eval_season": "2018-2019",
      "eval_samples": 745,
      "eval_rmse_M": 14.703485119895868,
      "eval_mae_M": 10.078213275038957,
      "eval_r2": 0.4469989184037476,
      "eval_mape": 44.875389099121094,
      "eval_mdape": 32.12287139892578,
      "eval_within_10pct": 15.994623655913978,
      "eval_within_25pct": 38.44086021505376,
      "eval_within_50pct": 71.7741935483871,
      "segment": "10M_100M",
      "status": "trained",
      "season": "2018-2019",
      "segment_range": "\u20ac10M \u2013 \u20ac100M",
      "total_segment_samples": 4081
    },
    "over_100M": {
      "segment": "over_100M",
      "status": "skipped",
      "reason": "insufficient samples (26)",
      "samples": 26
    }
  }
}