{
  "train_rmse": 0.7478331793569852,
  "val_rmse": 1.4090632340466704,
  "train_mae": 0.4490196146404174,
  "val_mae": 0.5893685913800697,
  "train_mape": 43.253752497794395,
  "val_mape": 60.38952150750472,
  "train_mdape": 28.770070274670918,
  "val_mdape": 39.37482237815857,
  "num_train_samples": 14591,
  "num_val_samples": 9151,
  "num_features": 66,
  "train_seasons": [
    "2002-2003",
    "2003-2004",
    "2004-2005",
    "2005-2006",
    "2006-2007",
    "2007-2008",
    "2008-2009",
    "2009-2010"
  ],
  "val_seasons": [
    "2010-2011"
  ],
  "eval_season": "2010-2011",
  "eval_samples": 9151,
  "eval_rmse_M": 1.4090360476013852,
  "eval_mae_M": 0.5889547573882087,
  "eval_r2": 0.8586845338762155,
  "eval_mape": 60.335842513874844,
  "eval_mdape": 39.37482452392578,
  "eval_within_10pct": 14.393824731345543,
  "eval_within_25pct": 33.60072650219465,
  "eval_within_50pct": 59.921295595580446,
  "season": "2010-2011",
  "cutoff_date": "2010-07-01T00:00:00",
  "min_valuations": 5,
  "cutoff_months": 12,
  "full_dataset_size": 536494,
  "filtered_dataset_size": 23742
}