{
  "season": "2009-2010",
  "weighted_average": {
    "total_eval_samples": 6170,
    "total_train_samples": 8421,
    "total_val_samples": 6170,
    "val_rmse": 1.1550716782195105,
    "val_mae": 0.7645067463867499,
    "val_mape": 82.31433411362508,
    "val_mdape": 49.20669730457567,
    "eval_rmse_M": 1.1549977816305814,
    "eval_mae_M": 0.7641706706108892,
    "eval_r2": 0.0874464743055371,
    "eval_mape": 82.27491484282254,
    "eval_mdape": 49.20669543020536,
    "eval_within_10pct": 11.539595240989337,
    "eval_within_25pct": 28.819900864120108,
    "eval_within_50pct": 52.08437401938991
  },
  "segments": {
    "under_1M": {
      "train_rmse": 0.3314534578173473,
      "val_rmse": 0.6735090439903502,
      "train_mae": 0.20755083894550036,
      "val_mae": 0.43135340043421966,
      "train_mape": 33.677974298749916,
      "val_mape": 94.24156886008194,
      "train_mdape": 23.54449629783631,
      "val_mdape": 55.57569066683452,
      "num_train_samples": 5920,
      "num_val_samples": 4457,
      "num_features": 66,
      "train_seasons": [
        "2002-2003",
        "2003-2004",
        "2004-2005",
        "2005-2006",
        "2006-2007",
        "2007-2008",
        "2008-2009"
      ],
      "val_seasons": [
        "2009-2010"
      ],
      "eval_season": "2009-2010",
      "eval_samples": 4457,
      "eval_rmse_M": 0.6734067462872027,
      "eval_mae_M": 0.4308881578771751,
      "eval_r2": -0.07971624508361774,
      "eval_mape": 94.18699939082947,
      "eval_mdape": 55.5756893157959,
      "eval_within_10pct": 9.948320413436692,
      "eval_within_25pct": 24.160206718346252,
      "eval_within_50pct": 45.63953488372093,
      "segment": "under_1M",
      "status": "trained",
      "season": "2009-2010",
      "segment_range": "\u20ac0M \u2013 \u20ac1M",
      "total_segment_samples": 10377
    },
    "1M_10M": {
      "train_rmse": 0.6109050066380953,
      "val_rmse": 2.0745427657856377,
      "train_mae": 0.39160790241812654,
      "val_mae": 1.351110992935374,
      "train_mape": 14.444940407207287,
      "val_mape": 53.30528302752585,
      "train_mdape": 7.780477735731337,
      "val_mdape": 33.82110186985561,
      "num_train_samples": 2271,
      "num_val_samples": 1569,
      "num_features": 66,
      "train_seasons": [
        "2005-2006",
        "2006-2007",
        "2007-2008",
        "2008-2009"
      ],
      "val_seasons": [
        "2009-2010"
      ],
      "eval_season": "2009-2010",
      "eval_samples": 1569,
      "eval_rmse_M": 2.0745427656890767,
      "eval_mae_M": 1.351110994435937,
      "eval_r2": 0.4975834529712452,
      "eval_mape": 53.30528259277344,
      "eval_mdape": 33.82109832763672,
      "eval_within_10pct": 15.461847389558233,
      "eval_within_25pct": 39.1566265060241,
      "eval_within_50pct": 67.26907630522089,
      "segment": "1M_10M",
      "status": "trained",
      "season": "2009-2010",
      "segment_range": "\u20ac1M \u2013 \u20ac10M",
      "total_segment_samples": 3840
    },
    "10M_100M": {
      "train_rmse": 0.8208207724826344,
      "val_rmse": 6.041700319664747,
      "train_mae": 0.2925534564256668,
      "val_mae": 4.6845234135786695,
      "train_mape": 1.366051308981202,
      "val_mape": 29.22763889926007,
      "train_mdape": 0.397491455078125,
      "val_mdape": 19.716390509354444,
      "num_train_samples": 230,
      "num_val_samples": 144,
      "num_features": 66,
      "train_seasons": [
        "2005-2006",
        "2006-2007",
        "2007-2008",
        "2008-2009"
      ],
      "val_seasons": [
        "2009-2010"
      ],
      "eval_season": "2009-2010",
      "eval_samples": 144,
      "eval_rmse_M": 6.041700313142109,
      "eval_mae_M": 4.684523387087716,
      "eval_r2": 0.7925806464650317,
      "eval_mape": 29.227638244628906,
      "eval_mdape": 19.71639060974121,
      "eval_within_10pct": 18.055555555555554,
      "eval_within_25pct": 60.416666666666664,
      "eval_within_50pct": 86.11111111111111,
      "segment": "10M_100M",
      "status": "trained",
      "season": "2009-2010",
      "segment_range": "\u20ac10M \u2013 \u20ac100M",
      "total_segment_samples": 374
    },
    "over_100M": {
      "segment": "over_100M",
      "status": "skipped",
      "reason": "insufficient samples (0)",
      "samples": 0
    }
  }
}