{
  "season": "2011-2012",
  "weighted_average": {
    "total_eval_samples": 11422,
    "total_train_samples": 23742,
    "total_val_samples": 11422,
    "val_rmse": 0.9229821551783483,
    "val_mae": 0.5499955799729322,
    "val_mape": 54.27755148442147,
    "val_mdape": 38.94533493859119,
    "eval_rmse_M": 0.9229179820718835,
    "eval_mae_M": 0.5497493762822353,
    "eval_r2": 0.29287206425618484,
    "eval_mape": 54.25824142571506,
    "eval_mdape": 38.94533159920264,
    "eval_within_10pct": 14.030839401228553,
    "eval_within_25pct": 33.45060678704429,
    "eval_within_50pct": 61.253030873910404
  },
  "segments": {
    "under_1M": {
      "train_rmse": 0.3760930497808252,
      "val_rmse": 0.5215772994612351,
      "train_mae": 0.2202407386316472,
      "val_mae": 0.2656733348037046,
      "train_mape": 39.737533999132154,
      "val_mape": 55.44958465296159,
      "train_mdape": 29.772041738033302,
      "val_mdape": 41.30807928740978,
      "num_train_samples": 17363,
      "num_val_samples": 8860,
      "num_features": 66,
      "train_seasons": [
        "2002-2003",
        "2003-2004",
        "2004-2005",
        "2005-2006",
        "2006-2007",
        "2007-2008",
        "2008-2009",
        "2009-2010",
        "2010-2011"
      ],
      "val_seasons": [
        "2011-2012"
      ],
      "eval_season": "2011-2012",
      "eval_samples": 8860,
      "eval_rmse_M": 0.5214945787101118,
      "eval_mae_M": 0.2653579808143013,
      "eval_r2": 0.21115623850245813,
      "eval_mape": 55.424690474833916,
      "eval_mdape": 41.308074951171875,
      "eval_within_10pct": 13.064460530851429,
      "eval_within_25pct": 31.24784557049293,
      "eval_within_50pct": 58.89348500517063,
      "segment": "under_1M",
      "status": "trained",
      "season": "2011-2012",
      "segment_range": "\u20ac0M \u2013 \u20ac1M",
      "total_segment_samples": 26223
    },
    "1M_10M": {
      "train_rmse": 0.8984280269249769,
      "val_rmse": 1.8790671582315497,
      "train_mae": 0.5968446491263332,
      "val_mae": 1.1882600521226785,
      "train_mape": 25.46396800321378,
      "val_mape": 51.83898396280332,
      "train_mdape": 14.826841354370119,
      "val_mdape": 31.612429022789,
      "num_train_samples": 5810,
      "num_val_samples": 2327,
      "num_features": 66,
      "train_seasons": [
        "2005-2006",
        "2006-2007",
        "2007-2008",
        "2008-2009",
        "2009-2010",
        "2010-2011"
      ],
      "val_seasons": [
        "2011-2012"
      ],
      "eval_season": "2011-2012",
      "eval_samples": 2327,
      "eval_rmse_M": 1.879067127867634,
      "eval_mae_M": 1.1882522770164106,
      "eval_r2": 0.5644597115845158,
      "eval_mape": 51.838985443115234,
      "eval_mdape": 31.612428665161133,
      "eval_within_10pct": 16.16206589492431,
      "eval_within_25pct": 39.71504897595726,
      "eval_within_50pct": 68.34372217275155,
      "segment": "1M_10M",
      "status": "trained",
      "season": "2011-2012",
      "segment_range": "\u20ac1M \u2013 \u20ac10M",
      "total_segment_samples": 8137
    },
    "10M_100M": {
      "train_rmse": 0.8268203595175716,
      "val_rmse": 6.589523514960575,
      "train_mae": 0.3314677679266368,
      "val_mae": 4.949372880002286,
      "train_mape": 1.688780699061962,
      "val_mape": 34.236414248422136,
      "train_mdape": 0.8803708212716239,
      "val_mdape": 22.47621636641653,
      "num_train_samples": 569,
      "num_val_samples": 235,
      "num_features": 66,
      "train_seasons": [
        "2005-2006",
        "2006-2007",
        "2007-2008",
        "2008-2009",
        "2009-2010",
        "2010-2011"
      ],
      "val_seasons": [
        "2011-2012"
      ],
      "eval_season": "2011-2012",
      "eval_samples": 235,
      "eval_rmse_M": 6.5895234778956535,
      "eval_mae_M": 4.9493728394204,
      "eval_r2": 0.6844370040221122,
      "eval_mape": 34.236412048339844,
      "eval_mdape": 22.476221084594727,
      "eval_within_10pct": 29.361702127659573,
      "eval_within_25pct": 54.46808510638298,
      "eval_within_50pct": 80.0,
      "segment": "10M_100M",
      "status": "trained",
      "season": "2011-2012",
      "segment_range": "\u20ac10M \u2013 \u20ac100M",
      "total_segment_samples": 804
    },
    "over_100M": {
      "segment": "over_100M",
      "status": "skipped",
      "reason": "insufficient samples (1)",
      "samples": 1
    }
  }
}