{
  "train_rmse": 0.7960726057771468,
  "val_rmse": 1.3715066676690977,
  "train_mae": 0.4332180943248692,
  "val_mae": 0.5280821118716914,
  "train_mape": 44.12967872617918,
  "val_mape": 49.710659863672326,
  "train_mdape": 31.07592781384786,
  "val_mdape": 35.560904230390285,
  "num_train_samples": 35165,
  "num_val_samples": 14013,
  "num_features": 64,
  "train_seasons": [
    "2002-2003",
    "2003-2004",
    "2004-2005",
    "2005-2006",
    "2006-2007",
    "2007-2008",
    "2008-2009",
    "2009-2010",
    "2010-2011",
    "2011-2012"
  ],
  "val_seasons": [
    "2012-2013"
  ],
  "eval_season": "2012-2013",
  "eval_samples": 14013,
  "eval_rmse_M": 1.3714610125407578,
  "eval_mae_M": 0.5276679897908924,
  "eval_r2": 0.8659046580643004,
  "eval_mape": 49.64183754060822,
  "eval_mdape": 35.5609016418457,
  "eval_within_10pct": 14.661162017923674,
  "eval_within_25pct": 36.19977847145302,
  "eval_within_50pct": 65.31064343973416,
  "season": "2012-2013",
  "cutoff_date": "2012-07-01T00:00:00",
  "min_valuations": 5,
  "cutoff_months": 12,
  "full_dataset_size": 536494,
  "filtered_dataset_size": 49178
}