{
  "train_rmse": 0.13415841800715797,
  "val_rmse": 2.446580694003883,
  "train_mae": 0.09176245289591978,
  "val_mae": 1.1942203681430243,
  "train_mape": 11.361446798655027,
  "val_mape": 79.28640681369244,
  "train_mdape": 5.592030002957299,
  "val_mdape": 56.012892723083496,
  "num_train_samples": 880,
  "num_val_samples": 1445,
  "num_features": 64,
  "train_seasons": [
    "2002-2003",
    "2003-2004",
    "2004-2005",
    "2005-2006"
  ],
  "val_seasons": [
    "2006-2007"
  ],
  "eval_season": "2006-2007",
  "eval_samples": 1445,
  "eval_rmse_M": 2.445840028642724,
  "eval_mae_M": 1.1898628225579604,
  "eval_r2": 0.6803026274325721,
  "eval_mape": 79.04045799748673,
  "eval_mdape": 56.01289367675781,
  "eval_within_10pct": 9.968520461699896,
  "eval_within_25pct": 23.92444910807975,
  "eval_within_50pct": 45.22560335781742,
  "season": "2006-2007",
  "cutoff_date": "2006-07-01T00:00:00",
  "min_valuations": 5,
  "cutoff_months": 12,
  "full_dataset_size": 536494,
  "filtered_dataset_size": 2325
}