{
  "train_rmse": 0.19662067790591864,
  "val_rmse": 2.480134530508185,
  "train_mae": 0.13224940458217382,
  "val_mae": 1.192498071279765,
  "train_mape": 17.25571209448083,
  "val_mape": 82.52776586406748,
  "train_mdape": 9.190804901577177,
  "val_mdape": 56.49235248565675,
  "num_train_samples": 880,
  "num_val_samples": 1445,
  "num_features": 64,
  "train_seasons": [
    "2002-2003",
    "2003-2004",
    "2004-2005",
    "2005-2006"
  ],
  "val_seasons": [
    "2006-2007"
  ],
  "eval_season": "2006-2007",
  "eval_samples": 1445,
  "eval_rmse_M": 2.479783346100929,
  "eval_mae_M": 1.1890641006400033,
  "eval_r2": 0.6713675471766196,
  "eval_mape": 82.30708621513853,
  "eval_mdape": 56.49235916137695,
  "eval_within_10pct": 10.178384050367262,
  "eval_within_25pct": 22.560335781741866,
  "eval_within_50pct": 43.75655823714585,
  "season": "2006-2007",
  "cutoff_date": "2006-07-01T00:00:00",
  "min_valuations": 5,
  "cutoff_months": 12,
  "full_dataset_size": 536494,
  "filtered_dataset_size": 2325
}