{
  "train_rmse": 0.7931972800979621,
  "val_rmse": 1.496278358856419,
  "train_mae": 0.4028296930081012,
  "val_mae": 0.4788692441765786,
  "train_mape": 43.04491558017747,
  "val_mape": 44.256336132804535,
  "train_mdape": 30.892413003104082,
  "val_mdape": 33.40568343798319,
  "num_train_samples": 66106,
  "num_val_samples": 19904,
  "num_features": 66,
  "train_seasons": [
    "2002-2003",
    "2003-2004",
    "2004-2005",
    "2005-2006",
    "2006-2007",
    "2007-2008",
    "2008-2009",
    "2009-2010",
    "2010-2011",
    "2011-2012",
    "2012-2013",
    "2013-2014"
  ],
  "val_seasons": [
    "2014-2015"
  ],
  "eval_season": "2014-2015",
  "eval_samples": 19904,
  "eval_rmse_M": 1.4962441481631508,
  "eval_mae_M": 0.4786639028874877,
  "eval_r2": 0.8355300389809261,
  "eval_mape": 44.2342184206503,
  "eval_mdape": 33.40568161010742,
  "eval_within_10pct": 15.74274871238818,
  "eval_within_25pct": 38.8113309840065,
  "eval_within_50pct": 67.79615071835185,
  "season": "2014-2015",
  "cutoff_date": "2014-07-01T00:00:00",
  "min_valuations": 5,
  "cutoff_months": 12,
  "full_dataset_size": 536494,
  "filtered_dataset_size": 86010
}