{
  "train_rmse": 0.7011874839326581,
  "val_rmse": 1.5558279872023257,
  "train_mae": 0.43432748288462525,
  "val_mae": 0.7523002136205994,
  "train_mape": 40.34714986056698,
  "val_mape": 72.53671587805555,
  "train_mdape": 26.16119384765625,
  "val_mdape": 42.72348393996557,
  "num_train_samples": 8421,
  "num_val_samples": 6170,
  "num_features": 64,
  "train_seasons": [
    "2002-2003",
    "2003-2004",
    "2004-2005",
    "2005-2006",
    "2006-2007",
    "2007-2008",
    "2008-2009"
  ],
  "val_seasons": [
    "2009-2010"
  ],
  "eval_season": "2009-2010",
  "eval_samples": 6170,
  "eval_rmse_M": 1.5557609736192548,
  "eval_mae_M": 0.7518179498401117,
  "eval_r2": 0.8494920067190631,
  "eval_mape": 72.39550532445777,
  "eval_mdape": 42.72348403930664,
  "eval_within_10pct": 12.779890156316013,
  "eval_within_25pct": 31.77017321504014,
  "eval_within_50pct": 56.5694972539079,
  "season": "2009-2010",
  "cutoff_date": "2009-07-01T00:00:00",
  "min_valuations": 5,
  "cutoff_months": 12,
  "full_dataset_size": 536494,
  "filtered_dataset_size": 14591
}