{
  "train_rmse": 0.38801807611549527,
  "val_rmse": 1.978474623478988,
  "train_mae": 0.24760810423973442,
  "val_mae": 1.0566195406729355,
  "train_mape": 24.655478443234895,
  "val_mape": 83.10236104170707,
  "train_mdape": 14.074120154747597,
  "val_mdape": 49.764319836047655,
  "num_train_samples": 2325,
  "num_val_samples": 2050,
  "num_features": 64,
  "train_seasons": [
    "2002-2003",
    "2003-2004",
    "2004-2005",
    "2005-2006",
    "2006-2007"
  ],
  "val_seasons": [
    "2007-2008"
  ],
  "eval_season": "2007-2008",
  "eval_samples": 2050,
  "eval_rmse_M": 1.9780304414255543,
  "eval_mae_M": 1.0532037530298077,
  "eval_r2": 0.8058786762374524,
  "eval_mape": 82.53297896719073,
  "eval_mdape": 49.76432228088379,
  "eval_within_10pct": 10.917312661498709,
  "eval_within_25pct": 26.744186046511626,
  "eval_within_50pct": 50.32299741602068,
  "season": "2007-2008",
  "cutoff_date": "2007-07-01T00:00:00",
  "min_valuations": 5,
  "cutoff_months": 12,
  "full_dataset_size": 536494,
  "filtered_dataset_size": 4375
}