{
  "train_rmse": 0.8572126814270831,
  "val_rmse": 2.363023122170698,
  "train_mae": 0.38431115176368114,
  "val_mae": 0.4895885131023682,
  "train_mape": 42.27049801092393,
  "val_mape": 44.11201054621543,
  "train_mdape": 30.056873708963394,
  "val_mdape": 30.5989108979702,
  "num_train_samples": 137469,
  "num_val_samples": 33097,
  "num_features": 64,
  "train_seasons": [
    "2002-2003",
    "2003-2004",
    "2004-2005",
    "2005-2006",
    "2006-2007",
    "2007-2008",
    "2008-2009",
    "2009-2010",
    "2010-2011",
    "2011-2012",
    "2012-2013",
    "2013-2014",
    "2014-2015",
    "2015-2016",
    "2016-2017"
  ],
  "val_seasons": [
    "2017-2018"
  ],
  "eval_season": "2017-2018",
  "eval_samples": 33097,
  "eval_rmse_M": 2.362999856808832,
  "eval_mae_M": 0.48945134828368386,
  "eval_r2": 0.7807743123530637,
  "eval_mape": 44.06858682250302,
  "eval_mdape": 30.598913192749023,
  "eval_within_10pct": 18.01041925080625,
  "eval_within_25pct": 42.44190854213181,
  "eval_within_50pct": 70.03225006201936,
  "season": "2017-2018",
  "cutoff_date": "2017-07-01T00:00:00",
  "min_valuations": 5,
  "cutoff_months": 12,
  "full_dataset_size": 536494,
  "filtered_dataset_size": 170566
}