{
  "train_rmse": 1.0844113739884522,
  "val_rmse": 1.7246333804922076,
  "train_mae": 0.3662890277646256,
  "val_mae": 0.35103316778460203,
  "train_mape": 42.01354437796628,
  "val_mape": 42.454405735337915,
  "train_mdape": 30.236072341601055,
  "val_mdape": 31.654901802539825,
  "num_train_samples": 356706,
  "num_val_samples": 60567,
  "num_features": 71,
  "train_seasons": [
    "2002-2003",
    "2003-2004",
    "2004-2005",
    "2005-2006",
    "2006-2007",
    "2007-2008",
    "2008-2009",
    "2009-2010",
    "2010-2011",
    "2011-2012",
    "2012-2013",
    "2013-2014",
    "2014-2015",
    "2015-2016",
    "2016-2017",
    "2017-2018",
    "2018-2019",
    "2019-2020",
    "2020-2021",
    "2021-2022"
  ],
  "val_seasons": [
    "2022-2023"
  ],
  "eval_season": "2022-2023",
  "eval_samples": 60567,
  "eval_rmse_M": 1.7246155703431492,
  "eval_mae_M": 0.3506587585591112,
  "eval_r2": 0.8257585482763233,
  "eval_mape": 42.43539335370407,
  "eval_mdape": 31.654898643493652,
  "eval_within_10pct": 17.133590560867866,
  "eval_within_25pct": 40.77895207739194,
  "eval_within_50pct": 70.65648940334395,
  "season": "2022-2023",
  "cutoff_date": "2022-07-01T00:00:00",
  "min_valuations": 5,
  "cutoff_months": 12,
  "full_dataset_size": 536494,
  "filtered_dataset_size": 417273
}