{
  "season": "2016-2017",
  "weighted_average": {
    "total_eval_samples": 27965,
    "total_train_samples": 109493,
    "total_val_samples": 27965,
    "val_rmse": 0.8283899363099932,
    "val_mae": 0.39563934199259304,
    "val_mape": 42.34369761752503,
    "val_mdape": 29.9800656742821,
    "eval_rmse_M": 0.8283185559475312,
    "eval_mae_M": 0.39544708775888376,
    "eval_r2": 0.2688648659490194,
    "eval_mape": 42.32209136898728,
    "eval_mdape": 29.9800644589988,
    "eval_within_10pct": 18.039056140358515,
    "eval_within_25pct": 43.03331565382014,
    "eval_within_50pct": 71.82474759867215
  },
  "segments": {
    "under_1M": {
      "train_rmse": 0.37946986520789505,
      "val_rmse": 0.47321926797329666,
      "train_mae": 0.19264964720833075,
      "val_mae": 0.16629310703223946,
      "train_mape": 40.481662562712586,
      "val_mape": 41.39843351795672,
      "train_mdape": 30.76716661453247,
      "val_mdape": 30.110052227973938,
      "num_train_samples": 85267,
      "num_val_samples": 22985,
      "num_features": 66,
      "train_seasons": [
        "2002-2003",
        "2003-2004",
        "2004-2005",
        "2005-2006",
        "2006-2007",
        "2007-2008",
        "2008-2009",
        "2009-2010",
        "2010-2011",
        "2011-2012",
        "2012-2013",
        "2013-2014",
        "2014-2015",
        "2015-2016"
      ],
      "val_seasons": [
        "2016-2017"
      ],
      "eval_season": "2016-2017",
      "eval_samples": 22985,
      "eval_rmse_M": 0.47313242189162646,
      "eval_mae_M": 0.16605919805761624,
      "eval_r2": 0.20775307425720457,
      "eval_mape": 41.37214586609303,
      "eval_mdape": 30.110050201416016,
      "eval_within_10pct": 17.836990595611287,
      "eval_within_25pct": 42.877742946708466,
      "eval_within_50pct": 72.02507836990596,
      "segment": "under_1M",
      "status": "trained",
      "season": "2016-2017",
      "segment_range": "\u20ac0M \u2013 \u20ac1M",
      "total_segment_samples": 108252
    },
    "1M_10M": {
      "train_rmse": 1.1650558563352043,
      "val_rmse": 2.021656954436337,
      "train_mae": 0.7652706220661378,
      "val_mae": 1.0812164258697556,
      "train_mape": 35.214532666609905,
      "val_mape": 48.48722776586678,
      "train_mdape": 22.1083402633667,
      "val_mdape": 30.329108238220215,
      "num_train_samples": 21948,
      "num_val_samples": 4493,
      "num_features": 66,
      "train_seasons": [
        "2005-2006",
        "2006-2007",
        "2007-2008",
        "2008-2009",
        "2009-2010",
        "2010-2011",
        "2011-2012",
        "2012-2013",
        "2013-2014",
        "2014-2015",
        "2015-2016"
      ],
      "val_seasons": [
        "2016-2017"
      ],
      "eval_season": "2016-2017",
      "eval_samples": 4493,
      "eval_rmse_M": 2.021656956908264,
      "eval_mae_M": 1.0812164269376778,
      "eval_r2": 0.5256088675044008,
      "eval_mape": 48.48722839355469,
      "eval_mdape": 30.329111099243164,
      "eval_within_10pct": 18.663958474385016,
      "eval_within_25pct": 42.338072669826225,
      "eval_within_50pct": 69.30715414127737,
      "segment": "1M_10M",
      "status": "trained",
      "season": "2016-2017",
      "segment_range": "\u20ac1M \u2013 \u20ac10M",
      "total_segment_samples": 26441
    },
    "10M_100M": {
      "train_rmse": 1.3970888953413936,
      "val_rmse": 6.582494862957442,
      "train_mae": 0.9094101198311957,
      "val_mae": 4.895075425572954,
      "train_mape": 6.062368552536579,
      "val_mape": 30.278018710087878,
      "train_mdape": 3.766649901264846,
      "val_mdape": 20.62485175974229,
      "num_train_samples": 2278,
      "num_val_samples": 487,
      "num_features": 66,
      "train_seasons": [
        "2005-2006",
        "2006-2007",
        "2007-2008",
        "2008-2009",
        "2009-2010",
        "2010-2011",
        "2011-2012",
        "2012-2013",
        "2013-2014",
        "2014-2015",
        "2015-2016"
      ],
      "val_seasons": [
        "2016-2017"
      ],
      "eval_season": "2016-2017",
      "eval_samples": 487,
      "eval_rmse_M": 6.582494851139317,
      "eval_mae_M": 4.895075432426876,
      "eval_r2": 0.7844782808320495,
      "eval_mape": 30.278018951416016,
      "eval_mdape": 20.62485122680664,
      "eval_within_10pct": 21.810699588477366,
      "eval_within_25pct": 56.79012345679012,
      "eval_within_50pct": 85.59670781893004,
      "segment": "10M_100M",
      "status": "trained",
      "season": "2016-2017",
      "segment_range": "\u20ac10M \u2013 \u20ac100M",
      "total_segment_samples": 2765
    },
    "over_100M": {
      "segment": "over_100M",
      "status": "skipped",
      "reason": "insufficient samples (11)",
      "samples": 11
    }
  }
}