{
  "train_rmse": 0.43854350007492365,
  "val_rmse": 1.97160502015378,
  "train_mae": 0.27249474311404887,
  "val_mae": 1.0519808782314382,
  "train_mape": 26.882839193993775,
  "val_mape": 80.40407194513023,
  "train_mdape": 15.019378066062933,
  "val_mdape": 51.27747740064348,
  "num_train_samples": 2325,
  "num_val_samples": 2050,
  "num_features": 64,
  "train_seasons": [
    "2002-2003",
    "2003-2004",
    "2004-2005",
    "2005-2006",
    "2006-2007"
  ],
  "val_seasons": [
    "2007-2008"
  ],
  "eval_season": "2007-2008",
  "eval_samples": 2050,
  "eval_rmse_M": 1.970052010910914,
  "eval_mae_M": 1.043345762160436,
  "eval_r2": 0.8074415035166064,
  "eval_mape": 78.701006981176,
  "eval_mdape": 51.27747917175293,
  "eval_within_10pct": 11.498708010335918,
  "eval_within_25pct": 26.873385012919897,
  "eval_within_50pct": 48.77260981912145,
  "season": "2007-2008",
  "cutoff_date": "2007-07-01T00:00:00",
  "min_valuations": 5,
  "cutoff_months": 12,
  "full_dataset_size": 536494,
  "filtered_dataset_size": 4375
}