{
  "train_rmse": 0.8171152298365902,
  "val_rmse": 1.17729199134651,
  "train_mae": 0.4024101889534871,
  "val_mae": 0.405965574416212,
  "train_mape": 43.63267386798027,
  "val_mape": 46.012056859290375,
  "train_mdape": 31.203105232932348,
  "val_mdape": 32.05598592758179,
  "num_train_samples": 86010,
  "num_val_samples": 23491,
  "num_features": 66,
  "train_seasons": [
    "2002-2003",
    "2003-2004",
    "2004-2005",
    "2005-2006",
    "2006-2007",
    "2007-2008",
    "2008-2009",
    "2009-2010",
    "2010-2011",
    "2011-2012",
    "2012-2013",
    "2013-2014",
    "2014-2015"
  ],
  "val_seasons": [
    "2015-2016"
  ],
  "eval_season": "2015-2016",
  "eval_samples": 23491,
  "eval_rmse_M": 1.1772682649514863,
  "eval_mae_M": 0.4058471479372104,
  "eval_r2": 0.8963177457262812,
  "eval_mape": 45.97347364100669,
  "eval_mdape": 32.05598831176758,
  "eval_within_10pct": 17.34665401573924,
  "eval_within_25pct": 40.29692470837752,
  "eval_within_50pct": 68.83406820338226,
  "season": "2015-2016",
  "cutoff_date": "2015-07-01T00:00:00",
  "min_valuations": 5,
  "cutoff_months": 12,
  "full_dataset_size": 536494,
  "filtered_dataset_size": 109501
}