{
  "train_rmse": 0.8184845751595131,
  "val_rmse": 1.3322008949529422,
  "train_mae": 0.38720122372218285,
  "val_mae": 0.3982985614541879,
  "train_mape": 42.05520958745538,
  "val_mape": 41.945372636758684,
  "train_mdape": 30.272476446060903,
  "val_mdape": 29.889351543453007,
  "num_train_samples": 109501,
  "num_val_samples": 27968,
  "num_features": 66,
  "train_seasons": [
    "2002-2003",
    "2003-2004",
    "2004-2005",
    "2005-2006",
    "2006-2007",
    "2007-2008",
    "2008-2009",
    "2009-2010",
    "2010-2011",
    "2011-2012",
    "2012-2013",
    "2013-2014",
    "2014-2015",
    "2015-2016"
  ],
  "val_seasons": [
    "2016-2017"
  ],
  "eval_season": "2016-2017",
  "eval_samples": 27968,
  "eval_rmse_M": 1.3321853653284474,
  "eval_mae_M": 0.3982128927228811,
  "eval_r2": 0.8710985305186374,
  "eval_mape": 41.92817171022955,
  "eval_mdape": 29.889352798461914,
  "eval_within_10pct": 17.46526114039291,
  "eval_within_25pct": 42.95160517489219,
  "eval_within_50pct": 71.89746046957355,
  "season": "2016-2017",
  "cutoff_date": "2016-07-01T00:00:00",
  "min_valuations": 5,
  "cutoff_months": 12,
  "full_dataset_size": 536494,
  "filtered_dataset_size": 137469
}