{
  "season": "2024-2025",
  "weighted_average": {
    "total_eval_samples": 58959,
    "total_train_samples": 477535,
    "total_val_samples": 58959,
    "val_rmse": 0.9422729641794474,
    "val_mae": 0.42802379640102983,
    "val_mape": 53.73394588123187,
    "val_mdape": 31.838111978107943,
    "eval_rmse_M": 0.9422578220885494,
    "eval_mae_M": 0.42786076116141625,
    "eval_r2": 0.23696218365998908,
    "eval_mape": 53.727323283192526,
    "eval_mdape": 31.838109896819063,
    "eval_within_10pct": 17.42182129335978,
    "eval_within_25pct": 41.06176457339554,
    "eval_within_50pct": 68.54590631947379
  },
  "segments": {
    "under_1M": {
      "train_rmse": 0.4044207589404978,
      "val_rmse": 0.50588939064364,
      "train_mae": 0.14859703987449463,
      "val_mae": 0.15091066520626328,
      "train_mape": 39.897910087422,
      "val_mape": 52.85094825639164,
      "train_mdape": 29.61623966693878,
      "val_mdape": 31.339234113693237,
      "num_train_samples": 404611,
      "num_val_samples": 51208,
      "num_features": 66,
      "train_seasons": [
        "2002-2003",
        "2003-2004",
        "2004-2005",
        "2005-2006",
        "2006-2007",
        "2007-2008",
        "2008-2009",
        "2009-2010",
        "2010-2011",
        "2011-2012",
        "2012-2013",
        "2013-2014",
        "2014-2015",
        "2015-2016",
        "2016-2017",
        "2017-2018",
        "2018-2019",
        "2019-2020",
        "2020-2021",
        "2021-2022",
        "2022-2023",
        "2023-2024"
      ],
      "val_seasons": [
        "2024-2025"
      ],
      "eval_season": "2024-2025",
      "eval_samples": 51208,
      "eval_rmse_M": 0.5058719588518394,
      "eval_mae_M": 0.1507229530729423,
      "eval_r2": 0.20512516884466492,
      "eval_mape": 52.843322574701546,
      "eval_mdape": 31.339231491088867,
      "eval_within_10pct": 17.46561815505045,
      "eval_within_25pct": 41.41979963373909,
      "eval_within_50pct": 69.32744443247513,
      "segment": "under_1M",
      "status": "trained",
      "season": "2024-2025",
      "segment_range": "\u20ac0M \u2013 \u20ac1M",
      "total_segment_samples": 455819
    },
    "1M_10M": {
      "train_rmse": 1.6956008061136076,
      "val_rmse": 2.516251999170483,
      "train_mae": 0.9718736785074726,
      "val_mae": 1.329594276696941,
      "train_mape": 43.613773105617724,
      "val_mape": 62.147078293869974,
      "train_mdape": 27.621278166770928,
      "val_mdape": 36.50046348571777,
      "num_train_samples": 63957,
      "num_val_samples": 6590,
      "num_features": 66,
      "train_seasons": [
        "2005-2006",
        "2006-2007",
        "2007-2008",
        "2008-2009",
        "2009-2010",
        "2010-2011",
        "2011-2012",
        "2012-2013",
        "2013-2014",
        "2014-2015",
        "2015-2016",
        "2016-2017",
        "2017-2018",
        "2018-2019",
        "2019-2020",
        "2020-2021",
        "2021-2022",
        "2022-2023",
        "2023-2024"
      ],
      "val_seasons": [
        "2024-2025"
      ],
      "eval_season": "2024-2025",
      "eval_samples": 6590,
      "eval_rmse_M": 2.5162519980395546,
      "eval_mae_M": 1.3295942765070023,
      "eval_r2": 0.41583590960805605,
      "eval_mape": 62.1470832824707,
      "eval_mdape": 36.500465393066406,
      "eval_within_10pct": 16.664116296863046,
      "eval_within_25pct": 37.26090283091048,
      "eval_within_50pct": 61.514919663351186,
      "segment": "1M_10M",
      "status": "trained",
      "season": "2024-2025",
      "segment_range": "\u20ac1M \u2013 \u20ac10M",
      "total_segment_samples": 70547
    },
    "10M_100M": {
      "train_rmse": 3.884202800517023,
      "val_rmse": 11.038463910472903,
      "train_mae": 2.8446003480425195,
      "val_mae": 7.35030686093962,
      "train_mape": 18.857342513969076,
      "val_mape": 45.29270822003268,
      "train_mdape": 12.079706192016602,
      "val_mdape": 27.659018380301337,
      "num_train_samples": 8892,
      "num_val_samples": 1143,
      "num_features": 66,
      "train_seasons": [
        "2005-2006",
        "2006-2007",
        "2007-2008",
        "2008-2009",
        "2009-2010",
        "2010-2011",
        "2011-2012",
        "2012-2013",
        "2013-2014",
        "2014-2015",
        "2015-2016",
        "2016-2017",
        "2017-2018",
        "2018-2019",
        "2019-2020",
        "2020-2021",
        "2021-2022",
        "2022-2023",
        "2023-2024"
      ],
      "val_seasons": [
        "2024-2025"
      ],
      "eval_season": "2024-2025",
      "eval_samples": 1143,
      "eval_rmse_M": 11.038463816081027,
      "eval_mae_M": 7.350306834240077,
      "eval_r2": 0.6262272599125873,
      "eval_mape": 45.29270935058594,
      "eval_mdape": 27.65901756286621,
      "eval_within_10pct": 19.315188762071994,
      "eval_within_25pct": 46.53204565408252,
      "eval_within_50pct": 73.74890254609306,
      "segment": "10M_100M",
      "status": "trained",
      "season": "2024-2025",
      "segment_range": "\u20ac10M \u2013 \u20ac100M",
      "total_segment_samples": 10035
    },
    "over_100M": {
      "train_rmse": 1.7479675938429207,
      "val_rmse": 25.04571415402844,
      "train_mae": 0.6077155049641927,
      "val_mae": 19.144146813286675,
      "train_mape": 0.4998882740822343,
      "val_mape": 21.64141367480145,
      "train_mdape": 0.07777913411458334,
      "val_mdape": 9.523957983239905,
      "num_train_samples": 75,
      "num_val_samples": 18,
      "num_features": 66,
      "train_seasons": [
        "2011-2012",
        "2012-2013",
        "2013-2014",
        "2014-2015",
        "2015-2016",
        "2016-2017",
        "2017-2018",
        "2018-2019",
        "2019-2020",
        "2020-2021",
        "2021-2022",
        "2022-2023",
        "2023-2024"
      ],
      "val_seasons": [
        "2024-2025"
      ],
      "eval_season": "2024-2025",
      "eval_samples": 18,
      "eval_rmse_M": 25.04571415402844,
      "eval_mae_M": 19.144146813286675,
      "eval_r2": 0.6037409896953845,
      "eval_mape": 21.64141273498535,
      "eval_mdape": 9.523955345153809,
      "eval_within_10pct": 50.0,
      "eval_within_25pct": 66.66666666666666,
      "eval_within_50pct": 88.88888888888889,
      "segment": "over_100M",
      "status": "trained",
      "season": "2024-2025",
      "segment_range": "\u2265\u20ac100M",
      "total_segment_samples": 93
    }
  }
}