{
  "season": "2013-2014",
  "weighted_average": {
    "total_eval_samples": 16926,
    "total_train_samples": 49176,
    "total_val_samples": 16926,
    "val_rmse": 0.6931545919698701,
    "val_mae": 0.4232443466239627,
    "val_mape": 48.7373882435352,
    "val_mdape": 33.86716658266978,
    "eval_rmse_M": 0.693084458008014,
    "eval_mae_M": 0.42285565482343995,
    "eval_r2": 0.31519066142863034,
    "eval_mape": 48.70828465597551,
    "eval_mdape": 33.867166695633664,
    "eval_within_10pct": 16.05767815386295,
    "eval_within_25pct": 38.53186998756882,
    "eval_within_50pct": 67.26501675999081
  },
  "segments": {
    "under_1M": {
      "train_rmse": 0.39597949592230136,
      "val_rmse": 0.37503730632928817,
      "train_mae": 0.21665160746339526,
      "val_mae": 0.20256145534846567,
      "train_mape": 41.89365892864321,
      "val_mape": 50.17969366113889,
      "train_mdape": 32.08716660737991,
      "val_mdape": 35.85350016752879,
      "num_train_samples": 37106,
      "num_val_samples": 13353,
      "num_features": 66,
      "train_seasons": [
        "2002-2003",
        "2003-2004",
        "2004-2005",
        "2005-2006",
        "2006-2007",
        "2007-2008",
        "2008-2009",
        "2009-2010",
        "2010-2011",
        "2011-2012",
        "2012-2013"
      ],
      "val_seasons": [
        "2013-2014"
      ],
      "eval_season": "2013-2014",
      "eval_samples": 13353,
      "eval_rmse_M": 0.37494840618238096,
      "eval_mae_M": 0.20206875731212873,
      "eval_r2": 0.23109607713474967,
      "eval_mape": 50.14280325246346,
      "eval_mdape": 35.85350036621094,
      "eval_within_10pct": 14.687649022412971,
      "eval_within_25pct": 35.92036242250835,
      "eval_within_50pct": 65.35526943252266,
      "segment": "under_1M",
      "status": "trained",
      "season": "2013-2014",
      "segment_range": "\u20ac0M \u2013 \u20ac1M",
      "total_segment_samples": 50459
    },
    "1M_10M": {
      "train_rmse": 1.0549845071305615,
      "val_rmse": 1.4644047781013003,
      "train_mae": 0.711036624986557,
      "val_mae": 0.9340265222072834,
      "train_mape": 31.500731482495386,
      "val_mape": 45.414477206274256,
      "train_mdape": 19.263062477111816,
      "val_mdape": 27.51447359720866,
      "num_train_samples": 10978,
      "num_val_samples": 3200,
      "num_features": 66,
      "train_seasons": [
        "2005-2006",
        "2006-2007",
        "2007-2008",
        "2008-2009",
        "2009-2010",
        "2010-2011",
        "2011-2012",
        "2012-2013"
      ],
      "val_seasons": [
        "2013-2014"
      ],
      "eval_season": "2013-2014",
      "eval_samples": 3200,
      "eval_rmse_M": 1.4644047791756514,
      "eval_mae_M": 0.934026523678773,
      "eval_r2": 0.6150564199325209,
      "eval_mape": 45.41447448730469,
      "eval_mdape": 27.51447296142578,
      "eval_within_10pct": 20.240025948751217,
      "eval_within_25pct": 46.545572494323714,
      "eval_within_50pct": 72.98086279597794,
      "segment": "1M_10M",
      "status": "trained",
      "season": "2013-2014",
      "segment_range": "\u20ac1M \u2013 \u20ac10M",
      "total_segment_samples": 14178
    },
    "10M_100M": {
      "train_rmse": 0.8970045895875283,
      "val_rmse": 5.4647886926082405,
      "train_mae": 0.46185918421972366,
      "val_mae": 3.9414097228574367,
      "train_mape": 2.797114268370224,
      "val_mape": 25.611948774293573,
      "train_mdape": 1.5162626902262368,
      "val_mdape": 17.25886951793324,
      "num_train_samples": 1092,
      "num_val_samples": 373,
      "num_features": 66,
      "train_seasons": [
        "2005-2006",
        "2006-2007",
        "2007-2008",
        "2008-2009",
        "2009-2010",
        "2010-2011",
        "2011-2012",
        "2012-2013"
      ],
      "val_seasons": [
        "2013-2014"
      ],
      "eval_season": "2013-2014",
      "eval_samples": 373,
      "eval_rmse_M": 5.464788673266025,
      "eval_mae_M": 3.941409708795215,
      "eval_r2": 0.7531117254064829,
      "eval_mape": 25.61194610595703,
      "eval_mdape": 17.258872985839844,
      "eval_within_10pct": 29.2225201072386,
      "eval_within_25pct": 63.27077747989276,
      "eval_within_50pct": 86.59517426273459,
      "segment": "10M_100M",
      "status": "trained",
      "season": "2013-2014",
      "segment_range": "\u20ac10M \u2013 \u20ac100M",
      "total_segment_samples": 1465
    },
    "over_100M": {
      "segment": "over_100M",
      "status": "skipped",
      "reason": "insufficient samples (4)",
      "samples": 4
    }
  }
}