{
  "season": "2013-2014",
  "weighted_average": {
    "total_eval_samples": 16926,
    "total_train_samples": 49176,
    "total_val_samples": 16926,
    "val_rmse": 0.6950871894967722,
    "val_mae": 0.4248698741384017,
    "val_mape": 49.042989773754506,
    "val_mdape": 34.00591459649068,
    "eval_rmse_M": 0.695014645850504,
    "eval_mae_M": 0.4243656318627049,
    "eval_r2": 0.3194559200140755,
    "eval_mape": 49.01813378804553,
    "eval_mdape": 34.00591424941791,
    "eval_within_10pct": 16.154589138833952,
    "eval_within_25pct": 38.51795154429796,
    "eval_within_50pct": 67.00291274857088
  },
  "segments": {
    "under_1M": {
      "train_rmse": 0.39719103957508367,
      "val_rmse": 0.3731592387915302,
      "train_mae": 0.2177892853179991,
      "val_mae": 0.2016926558401976,
      "train_mape": 42.20120737663882,
      "val_mape": 50.28733634451004,
      "train_mdape": 32.14152455329895,
      "val_mdape": 35.92873665075453,
      "num_train_samples": 37106,
      "num_val_samples": 13353,
      "num_features": 66,
      "train_seasons": [
        "2002-2003",
        "2003-2004",
        "2004-2005",
        "2005-2006",
        "2006-2007",
        "2007-2008",
        "2008-2009",
        "2009-2010",
        "2010-2011",
        "2011-2012",
        "2012-2013"
      ],
      "val_seasons": [
        "2013-2014"
      ],
      "eval_season": "2013-2014",
      "eval_samples": 13353,
      "eval_rmse_M": 0.373067284010355,
      "eval_mae_M": 0.20105348829121175,
      "eval_r2": 0.2387919301219864,
      "eval_mape": 50.25582864668982,
      "eval_mdape": 35.92873573303223,
      "eval_within_10pct": 14.794945159752027,
      "eval_within_25pct": 35.82498807820696,
      "eval_within_50pct": 65.09298998569385,
      "segment": "under_1M",
      "status": "trained",
      "season": "2013-2014",
      "segment_range": "\u20ac0M \u2013 \u20ac1M",
      "total_segment_samples": 50459
    },
    "1M_10M": {
      "train_rmse": 1.0705777778342522,
      "val_rmse": 1.4824638348425594,
      "train_mae": 0.7179855124763622,
      "val_mae": 0.9462498842520639,
      "train_mape": 31.765704970863222,
      "val_mape": 46.581745565473334,
      "train_mdape": 19.314234218900168,
      "val_mdape": 27.93441613515218,
      "num_train_samples": 10978,
      "num_val_samples": 3200,
      "num_features": 66,
      "train_seasons": [
        "2005-2006",
        "2006-2007",
        "2007-2008",
        "2008-2009",
        "2009-2010",
        "2010-2011",
        "2011-2012",
        "2012-2013"
      ],
      "val_seasons": [
        "2013-2014"
      ],
      "eval_season": "2013-2014",
      "eval_samples": 3200,
      "eval_rmse_M": 1.482463836608479,
      "eval_mae_M": 0.94624988574218,
      "eval_r2": 0.6055036205196063,
      "eval_mape": 46.581748962402344,
      "eval_mdape": 27.934417724609375,
      "eval_within_10pct": 20.304897826792086,
      "eval_within_25pct": 46.86993188452806,
      "eval_within_50pct": 72.68893934479404,
      "segment": "1M_10M",
      "status": "trained",
      "season": "2013-2014",
      "segment_range": "\u20ac1M \u2013 \u20ac10M",
      "total_segment_samples": 14178
    },
    "10M_100M": {
      "train_rmse": 0.8970045895875283,
      "val_rmse": 5.4647886926082405,
      "train_mae": 0.46185918421972366,
      "val_mae": 3.9414097228574367,
      "train_mape": 2.797114268370224,
      "val_mape": 25.611948774293573,
      "train_mdape": 1.5162626902262368,
      "val_mdape": 17.25886951793324,
      "num_train_samples": 1092,
      "num_val_samples": 373,
      "num_features": 66,
      "train_seasons": [
        "2005-2006",
        "2006-2007",
        "2007-2008",
        "2008-2009",
        "2009-2010",
        "2010-2011",
        "2011-2012",
        "2012-2013"
      ],
      "val_seasons": [
        "2013-2014"
      ],
      "eval_season": "2013-2014",
      "eval_samples": 373,
      "eval_rmse_M": 5.464788673266025,
      "eval_mae_M": 3.941409708795215,
      "eval_r2": 0.7531117254064829,
      "eval_mape": 25.61194610595703,
      "eval_mdape": 17.258872985839844,
      "eval_within_10pct": 29.2225201072386,
      "eval_within_25pct": 63.27077747989276,
      "eval_within_50pct": 86.59517426273459,
      "segment": "10M_100M",
      "status": "trained",
      "season": "2013-2014",
      "segment_range": "\u20ac10M \u2013 \u20ac100M",
      "total_segment_samples": 1465
    },
    "over_100M": {
      "segment": "over_100M",
      "status": "skipped",
      "reason": "insufficient samples (4)",
      "samples": 4
    }
  }
}