{
  "season": "2015-2016",
  "weighted_average": {
    "total_eval_samples": 23489,
    "total_train_samples": 86004,
    "total_val_samples": 23489,
    "val_rmse": 0.7193879563689186,
    "val_mae": 0.3959409318053133,
    "val_mape": 44.47978597303364,
    "val_mdape": 31.124349716930723,
    "eval_rmse_M": 0.7193257439222611,
    "eval_mae_M": 0.39575211862666754,
    "eval_r2": 0.34121616145264083,
    "eval_mape": 44.45604624288556,
    "eval_mdape": 31.12434695651996,
    "eval_within_10pct": 17.49106039233662,
    "eval_within_25pct": 41.5904336619502,
    "eval_within_50pct": 69.89888595589669
  },
  "segments": {
    "under_1M": {
      "train_rmse": 0.39272538806745305,
      "val_rmse": 0.3783590106813356,
      "train_mae": 0.2045799227791925,
      "val_mae": 0.1757377947330564,
      "train_mape": 41.91000205584218,
      "val_mape": 44.8049191593675,
      "train_mdape": 31.95074796676635,
      "val_mdape": 31.967470049858093,
      "num_train_samples": 66388,
      "num_val_samples": 18879,
      "num_features": 66,
      "train_seasons": [
        "2002-2003",
        "2003-2004",
        "2004-2005",
        "2005-2006",
        "2006-2007",
        "2007-2008",
        "2008-2009",
        "2009-2010",
        "2010-2011",
        "2011-2012",
        "2012-2013",
        "2013-2014",
        "2014-2015"
      ],
      "val_seasons": [
        "2015-2016"
      ],
      "eval_season": "2015-2016",
      "eval_samples": 18879,
      "eval_rmse_M": 0.3782816061760893,
      "eval_mae_M": 0.17550287534435366,
      "eval_r2": 0.27171916000855356,
      "eval_mape": 44.77538213256191,
      "eval_mdape": 31.967466354370117,
      "eval_within_10pct": 16.886227544910177,
      "eval_within_25pct": 40.41167664670658,
      "eval_within_50pct": 69.0494011976048,
      "segment": "under_1M",
      "status": "trained",
      "season": "2015-2016",
      "segment_range": "\u20ac0M \u2013 \u20ac1M",
      "total_segment_samples": 85267
    },
    "1M_10M": {
      "train_rmse": 1.1452822025246059,
      "val_rmse": 1.6800246923356739,
      "train_mae": 0.7598862825994082,
      "val_mae": 0.9851683760124527,
      "train_mape": 34.898093611199315,
      "val_mape": 44.59151293463597,
      "train_mdape": 21.513778255099343,
      "val_mdape": 28.598936966487347,
      "num_train_samples": 17757,
      "num_val_samples": 4191,
      "num_features": 66,
      "train_seasons": [
        "2005-2006",
        "2006-2007",
        "2007-2008",
        "2008-2009",
        "2009-2010",
        "2010-2011",
        "2011-2012",
        "2012-2013",
        "2013-2014",
        "2014-2015"
      ],
      "val_seasons": [
        "2015-2016"
      ],
      "eval_season": "2015-2016",
      "eval_samples": 4191,
      "eval_rmse_M": 1.6800246945166497,
      "eval_mae_M": 0.9851683774666581,
      "eval_r2": 0.6093598403408321,
      "eval_mape": 44.591514587402344,
      "eval_mdape": 28.59893798828125,
      "eval_within_10pct": 18.92675852066715,
      "eval_within_25pct": 44.88759970993473,
      "eval_within_50pct": 71.91201353637902,
      "segment": "1M_10M",
      "status": "trained",
      "season": "2015-2016",
      "segment_range": "\u20ac1M \u2013 \u20ac10M",
      "total_segment_samples": 21948
    },
    "10M_100M": {
      "train_rmse": 1.1907161563285147,
      "val_rmse": 6.476564341092565,
      "train_mae": 0.7377301560094628,
      "val_mae": 4.424014454752847,
      "train_mape": 4.798526257996664,
      "val_mape": 28.712632939925705,
      "train_mdape": 2.9271666208902993,
      "val_mdape": 18.395796188941368,
      "num_train_samples": 1859,
      "num_val_samples": 419,
      "num_features": 66,
      "train_seasons": [
        "2005-2006",
        "2006-2007",
        "2007-2008",
        "2008-2009",
        "2009-2010",
        "2010-2011",
        "2011-2012",
        "2012-2013",
        "2013-2014",
        "2014-2015"
      ],
      "val_seasons": [
        "2015-2016"
      ],
      "eval_season": "2015-2016",
      "eval_samples": 419,
      "eval_rmse_M": 6.476564346711985,
      "eval_mae_M": 4.424014464995173,
      "eval_r2": 0.7904852116734346,
      "eval_mape": 28.71263313293457,
      "eval_mdape": 18.395797729492188,
      "eval_within_10pct": 30.38277511961722,
      "eval_within_25pct": 61.72248803827751,
      "eval_within_50pct": 88.03827751196172,
      "segment": "10M_100M",
      "status": "trained",
      "season": "2015-2016",
      "segment_range": "\u20ac10M \u2013 \u20ac100M",
      "total_segment_samples": 2278
    },
    "over_100M": {
      "segment": "over_100M",
      "status": "skipped",
      "reason": "insufficient samples (8)",
      "samples": 8
    }
  }
}