{
  "train_rmse": 1.0277270758985655,
  "val_rmse": 2.9527728686566737,
  "train_mae": 0.3980659421263834,
  "val_mae": 0.9382096939114482,
  "train_mape": 43.47738132555258,
  "val_mape": 95.28423462877177,
  "train_mdape": 30.683968464533496,
  "val_mdape": 42.68338680267335,
  "num_train_samples": 208716,
  "num_val_samples": 44521,
  "num_features": 66,
  "train_seasons": [
    "2002-2003",
    "2003-2004",
    "2004-2005",
    "2005-2006",
    "2006-2007",
    "2007-2008",
    "2008-2009",
    "2009-2010",
    "2010-2011",
    "2011-2012",
    "2012-2013",
    "2013-2014",
    "2014-2015",
    "2015-2016",
    "2016-2017",
    "2017-2018",
    "2018-2019"
  ],
  "val_seasons": [
    "2019-2020"
  ],
  "eval_season": "2019-2020",
  "eval_samples": 44521,
  "eval_rmse_M": 2.9527440899911457,
  "eval_mae_M": 0.9375073219770703,
  "eval_r2": 0.5276429870623816,
  "eval_mape": 95.20552057396002,
  "eval_mdape": 42.683387756347656,
  "eval_within_10pct": 14.04352806414662,
  "eval_within_25pct": 33.03550973654066,
  "eval_within_50pct": 55.40500736377025,
  "season": "2019-2020",
  "cutoff_date": "2019-07-01T00:00:00",
  "min_valuations": 5,
  "cutoff_months": 12,
  "full_dataset_size": 536494,
  "filtered_dataset_size": 253237
}