{
  "train_rmse": 0.7888703676482045,
  "val_rmse": 1.3702854374784412,
  "train_mae": 0.4443098996201896,
  "val_mae": 0.5345174281945624,
  "train_mape": 43.94838077142993,
  "val_mape": 48.76739408434583,
  "train_mdape": 30.52145540714264,
  "val_mdape": 35.368155439694725,
  "num_train_samples": 23742,
  "num_val_samples": 11423,
  "num_features": 66,
  "train_seasons": [
    "2002-2003",
    "2003-2004",
    "2004-2005",
    "2005-2006",
    "2006-2007",
    "2007-2008",
    "2008-2009",
    "2009-2010",
    "2010-2011"
  ],
  "val_seasons": [
    "2011-2012"
  ],
  "eval_season": "2011-2012",
  "eval_samples": 11423,
  "eval_rmse_M": 1.3702248481345423,
  "eval_mae_M": 0.5340202596451042,
  "eval_r2": 0.8648873455821822,
  "eval_mape": 48.708837196910714,
  "eval_mdape": 35.3681583404541,
  "eval_within_10pct": 15.24625784645099,
  "eval_within_25pct": 36.62481892805408,
  "eval_within_50pct": 64.8841139546113,
  "season": "2011-2012",
  "cutoff_date": "2011-07-01T00:00:00",
  "min_valuations": 5,
  "cutoff_months": 12,
  "full_dataset_size": 536494,
  "filtered_dataset_size": 35165
}