{
  "train_rmse": 1.1185006774354158,
  "val_rmse": 1.9203432494309032,
  "train_mae": 0.35575406734005477,
  "val_mae": 0.40624345445402715,
  "train_mape": 42.78857493226794,
  "val_mape": 45.143143950862616,
  "train_mdape": 30.885538458824165,
  "val_mdape": 31.714470187822975,
  "num_train_samples": 477535,
  "num_val_samples": 58959,
  "num_features": 66,
  "train_seasons": [
    "2002-2003",
    "2003-2004",
    "2004-2005",
    "2005-2006",
    "2006-2007",
    "2007-2008",
    "2008-2009",
    "2009-2010",
    "2010-2011",
    "2011-2012",
    "2012-2013",
    "2013-2014",
    "2014-2015",
    "2015-2016",
    "2016-2017",
    "2017-2018",
    "2018-2019",
    "2019-2020",
    "2020-2021",
    "2021-2022",
    "2022-2023",
    "2023-2024"
  ],
  "val_seasons": [
    "2024-2025"
  ],
  "eval_season": "2024-2025",
  "eval_samples": 58959,
  "eval_rmse_M": 1.9203270818484581,
  "eval_mae_M": 0.405935919994607,
  "eval_r2": 0.8337593988641314,
  "eval_mape": 45.11927532315446,
  "eval_mdape": 31.71446990966797,
  "eval_within_10pct": 17.064798401845753,
  "eval_within_25pct": 40.87392026110689,
  "eval_within_50pct": 69.1061028108382,
  "season": "2024-2025",
  "cutoff_date": "2024-07-01T00:00:00",
  "min_valuations": 5,
  "cutoff_months": 12,
  "full_dataset_size": 536494,
  "filtered_dataset_size": 536494
}